dat_site,LCT_shared,abundance,p_a
chp 2018 7 10,Ammodytes1,2,1
chp 2018 7 10,Amphistichus rhodoterus,0,0
chp 2018 7 10,Anoplarchus1,0,0
chp 2018 7 10,Apodichthys flavidus,1,1
chp 2018 7 10,Artedius1,0,0
chp 2018 7 10,Ascelichthys rhodorus,0,0
chp 2018 7 10,Aulorhynchus flavidus,4,1
chp 2018 7 10,Blepsias cirrhosus,0,0
chp 2018 7 10,Brachyistius frenatus,0,0
chp 2018 7 10,Chitonotus pugetensis,0,0
chp 2018 7 10,Citharichthys1,5,1
chp 2018 7 10,Clinocottus acuticeps,0,0
chp 2018 7 10,Clupea pallasii,0,0
chp 2018 7 10,Cymatogaster aggregata,11,1
chp 2018 7 10,Embiotoca lateralis,0,0
chp 2018 7 10,Enophrys bison,4,1
chp 2018 7 10,Gadus chalcogrammus,0,0
chp 2018 7 10,Gadus macrocephalus,0,0
chp 2018 7 10,Gasterosteus aculeatus,0,0
chp 2018 7 10,Gibbonsia metzi,0,0
chp 2018 7 10,Gobiesox maeandricus,0,0
chp 2018 7 10,Hemilepidotus hemilepidotus,0,0
chp 2018 7 10,Hexagrammos decagrammus,0,0
chp 2018 7 10,Hexagrammos stelleri,0,0
chp 2018 7 10,Hexagrammos1,0,0
chp 2018 7 10,Hypomesus pretiosus,0,0
chp 2018 7 10,Jordania zonope,0,0
chp 2018 7 10,Lepidogobius lepidus,0,0
chp 2018 7 10,Lepidopsetta1,0,0
chp 2018 7 10,Leptocottus armatus,0,0
chp 2018 7 10,Lumpenus sagitta,0,0
chp 2018 7 10,Microgadus proximus,0,0
chp 2018 7 10,Myoxocephalus1,0,0
chp 2018 7 10,Odontopyxis trispinosa,0,0
chp 2018 7 10,Oligocottus rimensis,1,1
chp 2018 7 10,Oligocottus1,12,1
chp 2018 7 10,Oncorhynchus kisutch,0,0
chp 2018 7 10,Oncorhynchus tshawytscha,0,0
chp 2018 7 10,Ophiodon elongatus,0,0
chp 2018 7 10,Oxylebius pictus,0,0
chp 2018 7 10,Pallasina barbata,0,0
chp 2018 7 10,Pholis1,0,0
chp 2018 7 10,Platichthys stellatus,0,0
chp 2018 7 10,Pleuronectidae1,0,0
chp 2018 7 10,Pleuronichthys coenosus,1,1
chp 2018 7 10,Rhacochilus vacca,0,0
chp 2018 7 10,Rhinogobiops nicholsii,0,0
chp 2018 7 10,Rimicola muscarum,0,0
chp 2018 7 10,Salvelinus malma,0,0
chp 2018 7 10,Scorpaenichthys marmoratus,2,1
chp 2018 7 10,Sebastes paucispinis,0,0
chp 2018 7 10,Sebastes1,1,1
chp 2018 7 10,Sebastes2,1,1
chp 2018 7 10,Synchirus gilli,3,1
chp 2018 7 10,Syngnathus leptorhynchus,2,1
chp 2018 7 10,Trichodon trichodon,0,0
chp 2018 8 25,Ammodytes1,0,0
chp 2018 8 25,Amphistichus rhodoterus,0,0
chp 2018 8 25,Anoplarchus1,0,0
chp 2018 8 25,Apodichthys flavidus,4,1
chp 2018 8 25,Artedius1,0,0
chp 2018 8 25,Ascelichthys rhodorus,0,0
chp 2018 8 25,Aulorhynchus flavidus,9,1
chp 2018 8 25,Blepsias cirrhosus,1,1
chp 2018 8 25,Brachyistius frenatus,0,0
chp 2018 8 25,Chitonotus pugetensis,0,0
chp 2018 8 25,Citharichthys1,3,1
chp 2018 8 25,Clinocottus acuticeps,1,1
chp 2018 8 25,Clupea pallasii,0,0
chp 2018 8 25,Cymatogaster aggregata,110,1
chp 2018 8 25,Embiotoca lateralis,1,1
chp 2018 8 25,Enophrys bison,15,1
chp 2018 8 25,Gadus chalcogrammus,0,0
chp 2018 8 25,Gadus macrocephalus,0,0
chp 2018 8 25,Gasterosteus aculeatus,0,0
chp 2018 8 25,Gibbonsia metzi,1,1
chp 2018 8 25,Gobiesox maeandricus,0,0
chp 2018 8 25,Hemilepidotus hemilepidotus,2,1
chp 2018 8 25,Hexagrammos decagrammus,8,1
chp 2018 8 25,Hexagrammos stelleri,0,0
chp 2018 8 25,Hexagrammos1,3,1
chp 2018 8 25,Hypomesus pretiosus,0,0
chp 2018 8 25,Jordania zonope,0,0
chp 2018 8 25,Lepidogobius lepidus,0,0
chp 2018 8 25,Lepidopsetta1,0,0
chp 2018 8 25,Leptocottus armatus,0,0
chp 2018 8 25,Lumpenus sagitta,0,0
chp 2018 8 25,Microgadus proximus,0,0
chp 2018 8 25,Myoxocephalus1,0,0
chp 2018 8 25,Odontopyxis trispinosa,0,0
chp 2018 8 25,Oligocottus rimensis,0,0
chp 2018 8 25,Oligocottus1,127,1
chp 2018 8 25,Oncorhynchus kisutch,0,0
chp 2018 8 25,Oncorhynchus tshawytscha,0,0
chp 2018 8 25,Ophiodon elongatus,0,0
chp 2018 8 25,Oxylebius pictus,0,0
chp 2018 8 25,Pallasina barbata,0,0
chp 2018 8 25,Pholis1,2,1
chp 2018 8 25,Platichthys stellatus,0,0
chp 2018 8 25,Pleuronectidae1,1,1
chp 2018 8 25,Pleuronichthys coenosus,1,1
chp 2018 8 25,Rhacochilus vacca,0,0
chp 2018 8 25,Rhinogobiops nicholsii,0,0
chp 2018 8 25,Rimicola muscarum,0,0
chp 2018 8 25,Salvelinus malma,0,0
chp 2018 8 25,Scorpaenichthys marmoratus,4,1
chp 2018 8 25,Sebastes paucispinis,0,0
chp 2018 8 25,Sebastes1,140,1
chp 2018 8 25,Sebastes2,0,0
chp 2018 8 25,Synchirus gilli,4,1
chp 2018 8 25,Syngnathus leptorhynchus,2,1
chp 2018 8 25,Trichodon trichodon,0,0
chp 2019 7 29,Ammodytes1,0,0
chp 2019 7 29,Amphistichus rhodoterus,0,0
chp 2019 7 29,Anoplarchus1,0,0
chp 2019 7 29,Apodichthys flavidus,5,1
chp 2019 7 29,Artedius1,0,0
chp 2019 7 29,Ascelichthys rhodorus,0,0
chp 2019 7 29,Aulorhynchus flavidus,8,1
chp 2019 7 29,Blepsias cirrhosus,1,1
chp 2019 7 29,Brachyistius frenatus,0,0
chp 2019 7 29,Chitonotus pugetensis,0,0
chp 2019 7 29,Citharichthys1,14,1
chp 2019 7 29,Clinocottus acuticeps,0,0
chp 2019 7 29,Clupea pallasii,0,0
chp 2019 7 29,Cymatogaster aggregata,15,1
chp 2019 7 29,Embiotoca lateralis,19,1
chp 2019 7 29,Enophrys bison,4,1
chp 2019 7 29,Gadus chalcogrammus,0,0
chp 2019 7 29,Gadus macrocephalus,0,0
chp 2019 7 29,Gasterosteus aculeatus,0,0
chp 2019 7 29,Gibbonsia metzi,0,0
chp 2019 7 29,Gobiesox maeandricus,0,0
chp 2019 7 29,Hemilepidotus hemilepidotus,0,0
chp 2019 7 29,Hexagrammos decagrammus,0,0
chp 2019 7 29,Hexagrammos stelleri,0,0
chp 2019 7 29,Hexagrammos1,0,0
chp 2019 7 29,Hypomesus pretiosus,0,0
chp 2019 7 29,Jordania zonope,0,0
chp 2019 7 29,Lepidogobius lepidus,0,0
chp 2019 7 29,Lepidopsetta1,0,0
chp 2019 7 29,Leptocottus armatus,0,0
chp 2019 7 29,Lumpenus sagitta,0,0
chp 2019 7 29,Microgadus proximus,0,0
chp 2019 7 29,Myoxocephalus1,0,0
chp 2019 7 29,Odontopyxis trispinosa,0,0
chp 2019 7 29,Oligocottus rimensis,0,0
chp 2019 7 29,Oligocottus1,20,1
chp 2019 7 29,Oncorhynchus kisutch,0,0
chp 2019 7 29,Oncorhynchus tshawytscha,0,0
chp 2019 7 29,Ophiodon elongatus,0,0
chp 2019 7 29,Oxylebius pictus,0,0
chp 2019 7 29,Pallasina barbata,0,0
chp 2019 7 29,Pholis1,0,0
chp 2019 7 29,Platichthys stellatus,0,0
chp 2019 7 29,Pleuronectidae1,1,1
chp 2019 7 29,Pleuronichthys coenosus,1,1
chp 2019 7 29,Rhacochilus vacca,0,0
chp 2019 7 29,Rhinogobiops nicholsii,0,0
chp 2019 7 29,Rimicola muscarum,0,0
chp 2019 7 29,Salvelinus malma,0,0
chp 2019 7 29,Scorpaenichthys marmoratus,1,1
chp 2019 7 29,Sebastes paucispinis,0,0
chp 2019 7 29,Sebastes1,3,1
chp 2019 7 29,Sebastes2,3,1
chp 2019 7 29,Synchirus gilli,0,0
chp 2019 7 29,Syngnathus leptorhynchus,0,0
chp 2019 7 29,Trichodon trichodon,0,0
chp 2020 7 19,Ammodytes1,1,1
chp 2020 7 19,Amphistichus rhodoterus,0,0
chp 2020 7 19,Anoplarchus1,0,0
chp 2020 7 19,Apodichthys flavidus,8,1
chp 2020 7 19,Artedius1,1,1
chp 2020 7 19,Ascelichthys rhodorus,0,0
chp 2020 7 19,Aulorhynchus flavidus,63,1
chp 2020 7 19,Blepsias cirrhosus,1,1
chp 2020 7 19,Brachyistius frenatus,0,0
chp 2020 7 19,Chitonotus pugetensis,0,0
chp 2020 7 19,Citharichthys1,23,1
chp 2020 7 19,Clinocottus acuticeps,0,0
chp 2020 7 19,Clupea pallasii,0,0
chp 2020 7 19,Cymatogaster aggregata,112,1
chp 2020 7 19,Embiotoca lateralis,2,1
chp 2020 7 19,Enophrys bison,4,1
chp 2020 7 19,Gadus chalcogrammus,0,0
chp 2020 7 19,Gadus macrocephalus,0,0
chp 2020 7 19,Gasterosteus aculeatus,0,0
chp 2020 7 19,Gibbonsia metzi,0,0
chp 2020 7 19,Gobiesox maeandricus,0,0
chp 2020 7 19,Hemilepidotus hemilepidotus,0,0
chp 2020 7 19,Hexagrammos decagrammus,11,1
chp 2020 7 19,Hexagrammos stelleri,0,0
chp 2020 7 19,Hexagrammos1,3,1
chp 2020 7 19,Hypomesus pretiosus,0,0
chp 2020 7 19,Jordania zonope,0,0
chp 2020 7 19,Lepidogobius lepidus,0,0
chp 2020 7 19,Lepidopsetta1,0,0
chp 2020 7 19,Leptocottus armatus,0,0
chp 2020 7 19,Lumpenus sagitta,0,0
chp 2020 7 19,Microgadus proximus,0,0
chp 2020 7 19,Myoxocephalus1,0,0
chp 2020 7 19,Odontopyxis trispinosa,0,0
chp 2020 7 19,Oligocottus rimensis,0,0
chp 2020 7 19,Oligocottus1,2,1
chp 2020 7 19,Oncorhynchus kisutch,0,0
chp 2020 7 19,Oncorhynchus tshawytscha,0,0
chp 2020 7 19,Ophiodon elongatus,0,0
chp 2020 7 19,Oxylebius pictus,0,0
chp 2020 7 19,Pallasina barbata,0,0
chp 2020 7 19,Pholis1,0,0
chp 2020 7 19,Platichthys stellatus,0,0
chp 2020 7 19,Pleuronectidae1,2,1
chp 2020 7 19,Pleuronichthys coenosus,6,1
chp 2020 7 19,Rhacochilus vacca,0,0
chp 2020 7 19,Rhinogobiops nicholsii,0,0
chp 2020 7 19,Rimicola muscarum,0,0
chp 2020 7 19,Salvelinus malma,0,0
chp 2020 7 19,Scorpaenichthys marmoratus,2,1
chp 2020 7 19,Sebastes paucispinis,0,0
chp 2020 7 19,Sebastes1,0,0
chp 2020 7 19,Sebastes2,1,1
chp 2020 7 19,Synchirus gilli,0,0
chp 2020 7 19,Syngnathus leptorhynchus,0,0
chp 2020 7 19,Trichodon trichodon,0,0
fan1 2020 7 25,Ammodytes1,0,0
fan1 2020 7 25,Amphistichus rhodoterus,0,0
fan1 2020 7 25,Anoplarchus1,0,0
fan1 2020 7 25,Apodichthys flavidus,20,1
fan1 2020 7 25,Artedius1,9,1
fan1 2020 7 25,Ascelichthys rhodorus,0,0
fan1 2020 7 25,Aulorhynchus flavidus,1,1
fan1 2020 7 25,Blepsias cirrhosus,6,1
fan1 2020 7 25,Brachyistius frenatus,0,0
fan1 2020 7 25,Chitonotus pugetensis,0,0
fan1 2020 7 25,Citharichthys1,0,0
fan1 2020 7 25,Clinocottus acuticeps,0,0
fan1 2020 7 25,Clupea pallasii,0,0
fan1 2020 7 25,Cymatogaster aggregata,100,1
fan1 2020 7 25,Embiotoca lateralis,3,1
fan1 2020 7 25,Enophrys bison,1,1
fan1 2020 7 25,Gadus chalcogrammus,0,0
fan1 2020 7 25,Gadus macrocephalus,0,0
fan1 2020 7 25,Gasterosteus aculeatus,0,0
fan1 2020 7 25,Gibbonsia metzi,0,0
fan1 2020 7 25,Gobiesox maeandricus,0,0
fan1 2020 7 25,Hemilepidotus hemilepidotus,1,1
fan1 2020 7 25,Hexagrammos decagrammus,10,1
fan1 2020 7 25,Hexagrammos stelleri,1,1
fan1 2020 7 25,Hexagrammos1,0,0
fan1 2020 7 25,Hypomesus pretiosus,0,0
fan1 2020 7 25,Jordania zonope,0,0
fan1 2020 7 25,Lepidogobius lepidus,0,0
fan1 2020 7 25,Lepidopsetta1,0,0
fan1 2020 7 25,Leptocottus armatus,0,0
fan1 2020 7 25,Lumpenus sagitta,0,0
fan1 2020 7 25,Microgadus proximus,0,0
fan1 2020 7 25,Myoxocephalus1,0,0
fan1 2020 7 25,Odontopyxis trispinosa,0,0
fan1 2020 7 25,Oligocottus rimensis,0,0
fan1 2020 7 25,Oligocottus1,73,1
fan1 2020 7 25,Oncorhynchus kisutch,0,0
fan1 2020 7 25,Oncorhynchus tshawytscha,0,0
fan1 2020 7 25,Ophiodon elongatus,2,1
fan1 2020 7 25,Oxylebius pictus,0,0
fan1 2020 7 25,Pallasina barbata,0,0
fan1 2020 7 25,Pholis1,9,1
fan1 2020 7 25,Platichthys stellatus,0,0
fan1 2020 7 25,Pleuronectidae1,8,1
fan1 2020 7 25,Pleuronichthys coenosus,0,0
fan1 2020 7 25,Rhacochilus vacca,0,0
fan1 2020 7 25,Rhinogobiops nicholsii,0,0
fan1 2020 7 25,Rimicola muscarum,1,1
fan1 2020 7 25,Salvelinus malma,0,0
fan1 2020 7 25,Scorpaenichthys marmoratus,0,0
fan1 2020 7 25,Sebastes paucispinis,0,0
fan1 2020 7 25,Sebastes1,3,1
fan1 2020 7 25,Sebastes2,0,0
fan1 2020 7 25,Synchirus gilli,2,1
fan1 2020 7 25,Syngnathus leptorhynchus,17,1
fan1 2020 7 25,Trichodon trichodon,0,0
fan3 2020 7 25,Ammodytes1,0,0
fan3 2020 7 25,Amphistichus rhodoterus,0,0
fan3 2020 7 25,Anoplarchus1,0,0
fan3 2020 7 25,Apodichthys flavidus,24,1
fan3 2020 7 25,Artedius1,0,0
fan3 2020 7 25,Ascelichthys rhodorus,0,0
fan3 2020 7 25,Aulorhynchus flavidus,0,0
fan3 2020 7 25,Blepsias cirrhosus,0,0
fan3 2020 7 25,Brachyistius frenatus,0,0
fan3 2020 7 25,Chitonotus pugetensis,0,0
fan3 2020 7 25,Citharichthys1,0,0
fan3 2020 7 25,Clinocottus acuticeps,0,0
fan3 2020 7 25,Clupea pallasii,0,0
fan3 2020 7 25,Cymatogaster aggregata,16,1
fan3 2020 7 25,Embiotoca lateralis,0,0
fan3 2020 7 25,Enophrys bison,10,1
fan3 2020 7 25,Gadus chalcogrammus,0,0
fan3 2020 7 25,Gadus macrocephalus,0,0
fan3 2020 7 25,Gasterosteus aculeatus,0,0
fan3 2020 7 25,Gibbonsia metzi,0,0
fan3 2020 7 25,Gobiesox maeandricus,0,0
fan3 2020 7 25,Hemilepidotus hemilepidotus,0,0
fan3 2020 7 25,Hexagrammos decagrammus,18,1
fan3 2020 7 25,Hexagrammos stelleri,4,1
fan3 2020 7 25,Hexagrammos1,0,0
fan3 2020 7 25,Hypomesus pretiosus,0,0
fan3 2020 7 25,Jordania zonope,0,0
fan3 2020 7 25,Lepidogobius lepidus,0,0
fan3 2020 7 25,Lepidopsetta1,0,0
fan3 2020 7 25,Leptocottus armatus,1,1
fan3 2020 7 25,Lumpenus sagitta,0,0
fan3 2020 7 25,Microgadus proximus,0,0
fan3 2020 7 25,Myoxocephalus1,0,0
fan3 2020 7 25,Odontopyxis trispinosa,0,0
fan3 2020 7 25,Oligocottus rimensis,0,0
fan3 2020 7 25,Oligocottus1,220,1
fan3 2020 7 25,Oncorhynchus kisutch,0,0
fan3 2020 7 25,Oncorhynchus tshawytscha,0,0
fan3 2020 7 25,Ophiodon elongatus,10,1
fan3 2020 7 25,Oxylebius pictus,0,0
fan3 2020 7 25,Pallasina barbata,0,0
fan3 2020 7 25,Pholis1,0,0
fan3 2020 7 25,Platichthys stellatus,0,0
fan3 2020 7 25,Pleuronectidae1,26,1
fan3 2020 7 25,Pleuronichthys coenosus,0,0
fan3 2020 7 25,Rhacochilus vacca,0,0
fan3 2020 7 25,Rhinogobiops nicholsii,0,0
fan3 2020 7 25,Rimicola muscarum,0,0
fan3 2020 7 25,Salvelinus malma,0,0
fan3 2020 7 25,Scorpaenichthys marmoratus,0,0
fan3 2020 7 25,Sebastes paucispinis,0,0
fan3 2020 7 25,Sebastes1,0,0
fan3 2020 7 25,Sebastes2,0,0
fan3 2020 7 25,Synchirus gilli,0,0
fan3 2020 7 25,Syngnathus leptorhynchus,33,1
fan3 2020 7 25,Trichodon trichodon,0,0
gog1 2018 7 14,Ammodytes1,0,0
gog1 2018 7 14,Amphistichus rhodoterus,0,0
gog1 2018 7 14,Anoplarchus1,0,0
gog1 2018 7 14,Apodichthys flavidus,60,1
gog1 2018 7 14,Artedius1,0,0
gog1 2018 7 14,Ascelichthys rhodorus,0,0
gog1 2018 7 14,Aulorhynchus flavidus,82,1
gog1 2018 7 14,Blepsias cirrhosus,61,1
gog1 2018 7 14,Brachyistius frenatus,0,0
gog1 2018 7 14,Chitonotus pugetensis,0,0
gog1 2018 7 14,Citharichthys1,14,1
gog1 2018 7 14,Clinocottus acuticeps,0,0
gog1 2018 7 14,Clupea pallasii,0,0
gog1 2018 7 14,Cymatogaster aggregata,601,1
gog1 2018 7 14,Embiotoca lateralis,0,0
gog1 2018 7 14,Enophrys bison,4,1
gog1 2018 7 14,Gadus chalcogrammus,0,0
gog1 2018 7 14,Gadus macrocephalus,0,0
gog1 2018 7 14,Gasterosteus aculeatus,0,0
gog1 2018 7 14,Gibbonsia metzi,0,0
gog1 2018 7 14,Gobiesox maeandricus,3,1
gog1 2018 7 14,Hemilepidotus hemilepidotus,2,1
gog1 2018 7 14,Hexagrammos decagrammus,41,1
gog1 2018 7 14,Hexagrammos stelleri,0,0
gog1 2018 7 14,Hexagrammos1,0,0
gog1 2018 7 14,Hypomesus pretiosus,0,0
gog1 2018 7 14,Jordania zonope,0,0
gog1 2018 7 14,Lepidogobius lepidus,0,0
gog1 2018 7 14,Lepidopsetta1,0,0
gog1 2018 7 14,Leptocottus armatus,6,1
gog1 2018 7 14,Lumpenus sagitta,0,0
gog1 2018 7 14,Microgadus proximus,0,0
gog1 2018 7 14,Myoxocephalus1,0,0
gog1 2018 7 14,Odontopyxis trispinosa,0,0
gog1 2018 7 14,Oligocottus rimensis,0,0
gog1 2018 7 14,Oligocottus1,0,0
gog1 2018 7 14,Oncorhynchus kisutch,0,0
gog1 2018 7 14,Oncorhynchus tshawytscha,0,0
gog1 2018 7 14,Ophiodon elongatus,2,1
gog1 2018 7 14,Oxylebius pictus,0,0
gog1 2018 7 14,Pallasina barbata,5,1
gog1 2018 7 14,Pholis1,16,1
gog1 2018 7 14,Platichthys stellatus,0,0
gog1 2018 7 14,Pleuronectidae1,4,1
gog1 2018 7 14,Pleuronichthys coenosus,1,1
gog1 2018 7 14,Rhacochilus vacca,0,0
gog1 2018 7 14,Rhinogobiops nicholsii,0,0
gog1 2018 7 14,Rimicola muscarum,13,1
gog1 2018 7 14,Salvelinus malma,0,0
gog1 2018 7 14,Scorpaenichthys marmoratus,6,1
gog1 2018 7 14,Sebastes paucispinis,0,0
gog1 2018 7 14,Sebastes1,0,0
gog1 2018 7 14,Sebastes2,0,0
gog1 2018 7 14,Synchirus gilli,9,1
gog1 2018 7 14,Syngnathus leptorhynchus,86,1
gog1 2018 7 14,Trichodon trichodon,0,0
gog1 2020 7 26,Ammodytes1,0,0
gog1 2020 7 26,Amphistichus rhodoterus,0,0
gog1 2020 7 26,Anoplarchus1,0,0
gog1 2020 7 26,Apodichthys flavidus,8,1
gog1 2020 7 26,Artedius1,0,0
gog1 2020 7 26,Ascelichthys rhodorus,0,0
gog1 2020 7 26,Aulorhynchus flavidus,1,1
gog1 2020 7 26,Blepsias cirrhosus,1,1
gog1 2020 7 26,Brachyistius frenatus,0,0
gog1 2020 7 26,Chitonotus pugetensis,0,0
gog1 2020 7 26,Citharichthys1,1,1
gog1 2020 7 26,Clinocottus acuticeps,0,0
gog1 2020 7 26,Clupea pallasii,0,0
gog1 2020 7 26,Cymatogaster aggregata,7,1
gog1 2020 7 26,Embiotoca lateralis,0,0
gog1 2020 7 26,Enophrys bison,0,0
gog1 2020 7 26,Gadus chalcogrammus,0,0
gog1 2020 7 26,Gadus macrocephalus,0,0
gog1 2020 7 26,Gasterosteus aculeatus,0,0
gog1 2020 7 26,Gibbonsia metzi,0,0
gog1 2020 7 26,Gobiesox maeandricus,0,0
gog1 2020 7 26,Hemilepidotus hemilepidotus,0,0
gog1 2020 7 26,Hexagrammos decagrammus,0,0
gog1 2020 7 26,Hexagrammos stelleri,0,0
gog1 2020 7 26,Hexagrammos1,0,0
gog1 2020 7 26,Hypomesus pretiosus,0,0
gog1 2020 7 26,Jordania zonope,0,0
gog1 2020 7 26,Lepidogobius lepidus,0,0
gog1 2020 7 26,Lepidopsetta1,0,0
gog1 2020 7 26,Leptocottus armatus,17,1
gog1 2020 7 26,Lumpenus sagitta,0,0
gog1 2020 7 26,Microgadus proximus,0,0
gog1 2020 7 26,Myoxocephalus1,0,0
gog1 2020 7 26,Odontopyxis trispinosa,0,0
gog1 2020 7 26,Oligocottus rimensis,0,0
gog1 2020 7 26,Oligocottus1,0,0
gog1 2020 7 26,Oncorhynchus kisutch,0,0
gog1 2020 7 26,Oncorhynchus tshawytscha,0,0
gog1 2020 7 26,Ophiodon elongatus,0,0
gog1 2020 7 26,Oxylebius pictus,0,0
gog1 2020 7 26,Pallasina barbata,0,0
gog1 2020 7 26,Pholis1,4,1
gog1 2020 7 26,Platichthys stellatus,0,0
gog1 2020 7 26,Pleuronectidae1,349,1
gog1 2020 7 26,Pleuronichthys coenosus,0,0
gog1 2020 7 26,Rhacochilus vacca,0,0
gog1 2020 7 26,Rhinogobiops nicholsii,0,0
gog1 2020 7 26,Rimicola muscarum,0,0
gog1 2020 7 26,Salvelinus malma,0,0
gog1 2020 7 26,Scorpaenichthys marmoratus,0,0
gog1 2020 7 26,Sebastes paucispinis,0,0
gog1 2020 7 26,Sebastes1,0,0
gog1 2020 7 26,Sebastes2,0,0
gog1 2020 7 26,Synchirus gilli,0,0
gog1 2020 7 26,Syngnathus leptorhynchus,15,1
gog1 2020 7 26,Trichodon trichodon,0,0
gog4 2018 7 14,Ammodytes1,0,0
gog4 2018 7 14,Amphistichus rhodoterus,0,0
gog4 2018 7 14,Anoplarchus1,0,0
gog4 2018 7 14,Apodichthys flavidus,7,1
gog4 2018 7 14,Artedius1,0,0
gog4 2018 7 14,Ascelichthys rhodorus,13,1
gog4 2018 7 14,Aulorhynchus flavidus,15,1
gog4 2018 7 14,Blepsias cirrhosus,1,1
gog4 2018 7 14,Brachyistius frenatus,0,0
gog4 2018 7 14,Chitonotus pugetensis,0,0
gog4 2018 7 14,Citharichthys1,50,1
gog4 2018 7 14,Clinocottus acuticeps,0,0
gog4 2018 7 14,Clupea pallasii,0,0
gog4 2018 7 14,Cymatogaster aggregata,10,1
gog4 2018 7 14,Embiotoca lateralis,0,0
gog4 2018 7 14,Enophrys bison,0,0
gog4 2018 7 14,Gadus chalcogrammus,1,1
gog4 2018 7 14,Gadus macrocephalus,1,1
gog4 2018 7 14,Gasterosteus aculeatus,0,0
gog4 2018 7 14,Gibbonsia metzi,0,0
gog4 2018 7 14,Gobiesox maeandricus,4,1
gog4 2018 7 14,Hemilepidotus hemilepidotus,0,0
gog4 2018 7 14,Hexagrammos decagrammus,25,1
gog4 2018 7 14,Hexagrammos stelleri,0,0
gog4 2018 7 14,Hexagrammos1,0,0
gog4 2018 7 14,Hypomesus pretiosus,0,0
gog4 2018 7 14,Jordania zonope,0,0
gog4 2018 7 14,Lepidogobius lepidus,0,0
gog4 2018 7 14,Lepidopsetta1,0,0
gog4 2018 7 14,Leptocottus armatus,8,1
gog4 2018 7 14,Lumpenus sagitta,0,0
gog4 2018 7 14,Microgadus proximus,0,0
gog4 2018 7 14,Myoxocephalus1,0,0
gog4 2018 7 14,Odontopyxis trispinosa,0,0
gog4 2018 7 14,Oligocottus rimensis,0,0
gog4 2018 7 14,Oligocottus1,4,1
gog4 2018 7 14,Oncorhynchus kisutch,0,0
gog4 2018 7 14,Oncorhynchus tshawytscha,0,0
gog4 2018 7 14,Ophiodon elongatus,1,1
gog4 2018 7 14,Oxylebius pictus,0,0
gog4 2018 7 14,Pallasina barbata,7,1
gog4 2018 7 14,Pholis1,0,0
gog4 2018 7 14,Platichthys stellatus,0,0
gog4 2018 7 14,Pleuronectidae1,148,1
gog4 2018 7 14,Pleuronichthys coenosus,1,1
gog4 2018 7 14,Rhacochilus vacca,0,0
gog4 2018 7 14,Rhinogobiops nicholsii,0,0
gog4 2018 7 14,Rimicola muscarum,11,1
gog4 2018 7 14,Salvelinus malma,0,0
gog4 2018 7 14,Scorpaenichthys marmoratus,2,1
gog4 2018 7 14,Sebastes paucispinis,1,1
gog4 2018 7 14,Sebastes1,1,1
gog4 2018 7 14,Sebastes2,0,0
gog4 2018 7 14,Synchirus gilli,7,1
gog4 2018 7 14,Syngnathus leptorhynchus,13,1
gog4 2018 7 14,Trichodon trichodon,0,0
gog4 2020 7 26,Ammodytes1,102,1
gog4 2020 7 26,Amphistichus rhodoterus,0,0
gog4 2020 7 26,Anoplarchus1,0,0
gog4 2020 7 26,Apodichthys flavidus,0,0
gog4 2020 7 26,Artedius1,0,0
gog4 2020 7 26,Ascelichthys rhodorus,0,0
gog4 2020 7 26,Aulorhynchus flavidus,0,0
gog4 2020 7 26,Blepsias cirrhosus,1,1
gog4 2020 7 26,Brachyistius frenatus,0,0
gog4 2020 7 26,Chitonotus pugetensis,0,0
gog4 2020 7 26,Citharichthys1,1,1
gog4 2020 7 26,Clinocottus acuticeps,0,0
gog4 2020 7 26,Clupea pallasii,1,1
gog4 2020 7 26,Cymatogaster aggregata,12,1
gog4 2020 7 26,Embiotoca lateralis,0,0
gog4 2020 7 26,Enophrys bison,0,0
gog4 2020 7 26,Gadus chalcogrammus,0,0
gog4 2020 7 26,Gadus macrocephalus,0,0
gog4 2020 7 26,Gasterosteus aculeatus,0,0
gog4 2020 7 26,Gibbonsia metzi,0,0
gog4 2020 7 26,Gobiesox maeandricus,0,0
gog4 2020 7 26,Hemilepidotus hemilepidotus,0,0
gog4 2020 7 26,Hexagrammos decagrammus,1,1
gog4 2020 7 26,Hexagrammos stelleri,0,0
gog4 2020 7 26,Hexagrammos1,0,0
gog4 2020 7 26,Hypomesus pretiosus,0,0
gog4 2020 7 26,Jordania zonope,0,0
gog4 2020 7 26,Lepidogobius lepidus,0,0
gog4 2020 7 26,Lepidopsetta1,0,0
gog4 2020 7 26,Leptocottus armatus,1,1
gog4 2020 7 26,Lumpenus sagitta,0,0
gog4 2020 7 26,Microgadus proximus,0,0
gog4 2020 7 26,Myoxocephalus1,0,0
gog4 2020 7 26,Odontopyxis trispinosa,0,0
gog4 2020 7 26,Oligocottus rimensis,0,0
gog4 2020 7 26,Oligocottus1,3,1
gog4 2020 7 26,Oncorhynchus kisutch,0,0
gog4 2020 7 26,Oncorhynchus tshawytscha,0,0
gog4 2020 7 26,Ophiodon elongatus,0,0
gog4 2020 7 26,Oxylebius pictus,0,0
gog4 2020 7 26,Pallasina barbata,0,0
gog4 2020 7 26,Pholis1,0,0
gog4 2020 7 26,Platichthys stellatus,0,0
gog4 2020 7 26,Pleuronectidae1,336,1
gog4 2020 7 26,Pleuronichthys coenosus,0,0
gog4 2020 7 26,Rhacochilus vacca,0,0
gog4 2020 7 26,Rhinogobiops nicholsii,0,0
gog4 2020 7 26,Rimicola muscarum,0,0
gog4 2020 7 26,Salvelinus malma,0,0
gog4 2020 7 26,Scorpaenichthys marmoratus,0,0
gog4 2020 7 26,Sebastes paucispinis,0,0
gog4 2020 7 26,Sebastes1,0,0
gog4 2020 7 26,Sebastes2,0,0
gog4 2020 7 26,Synchirus gilli,0,0
gog4 2020 7 26,Syngnathus leptorhynchus,0,0
gog4 2020 7 26,Trichodon trichodon,0,0
hab2 2018 7 12,Ammodytes1,371,1
hab2 2018 7 12,Amphistichus rhodoterus,9,1
hab2 2018 7 12,Anoplarchus1,0,0
hab2 2018 7 12,Apodichthys flavidus,0,0
hab2 2018 7 12,Artedius1,0,0
hab2 2018 7 12,Ascelichthys rhodorus,0,0
hab2 2018 7 12,Aulorhynchus flavidus,0,0
hab2 2018 7 12,Blepsias cirrhosus,0,0
hab2 2018 7 12,Brachyistius frenatus,0,0
hab2 2018 7 12,Chitonotus pugetensis,0,0
hab2 2018 7 12,Citharichthys1,36,1
hab2 2018 7 12,Clinocottus acuticeps,0,0
hab2 2018 7 12,Clupea pallasii,11,1
hab2 2018 7 12,Cymatogaster aggregata,18,1
hab2 2018 7 12,Embiotoca lateralis,0,0
hab2 2018 7 12,Enophrys bison,0,0
hab2 2018 7 12,Gadus chalcogrammus,0,0
hab2 2018 7 12,Gadus macrocephalus,0,0
hab2 2018 7 12,Gasterosteus aculeatus,0,0
hab2 2018 7 12,Gibbonsia metzi,0,0
hab2 2018 7 12,Gobiesox maeandricus,0,0
hab2 2018 7 12,Hemilepidotus hemilepidotus,0,0
hab2 2018 7 12,Hexagrammos decagrammus,0,0
hab2 2018 7 12,Hexagrammos stelleri,0,0
hab2 2018 7 12,Hexagrammos1,0,0
hab2 2018 7 12,Hypomesus pretiosus,1,1
hab2 2018 7 12,Jordania zonope,0,0
hab2 2018 7 12,Lepidogobius lepidus,0,0
hab2 2018 7 12,Lepidopsetta1,0,0
hab2 2018 7 12,Leptocottus armatus,3,1
hab2 2018 7 12,Lumpenus sagitta,0,0
hab2 2018 7 12,Microgadus proximus,0,0
hab2 2018 7 12,Myoxocephalus1,0,0
hab2 2018 7 12,Odontopyxis trispinosa,0,0
hab2 2018 7 12,Oligocottus rimensis,0,0
hab2 2018 7 12,Oligocottus1,0,0
hab2 2018 7 12,Oncorhynchus kisutch,0,0
hab2 2018 7 12,Oncorhynchus tshawytscha,0,0
hab2 2018 7 12,Ophiodon elongatus,0,0
hab2 2018 7 12,Oxylebius pictus,0,0
hab2 2018 7 12,Pallasina barbata,0,0
hab2 2018 7 12,Pholis1,0,0
hab2 2018 7 12,Platichthys stellatus,2,1
hab2 2018 7 12,Pleuronectidae1,45,1
hab2 2018 7 12,Pleuronichthys coenosus,0,0
hab2 2018 7 12,Rhacochilus vacca,0,0
hab2 2018 7 12,Rhinogobiops nicholsii,0,0
hab2 2018 7 12,Rimicola muscarum,0,0
hab2 2018 7 12,Salvelinus malma,0,0
hab2 2018 7 12,Scorpaenichthys marmoratus,0,0
hab2 2018 7 12,Sebastes paucispinis,0,0
hab2 2018 7 12,Sebastes1,0,0
hab2 2018 7 12,Sebastes2,0,0
hab2 2018 7 12,Synchirus gilli,0,0
hab2 2018 7 12,Syngnathus leptorhynchus,0,0
hab2 2018 7 12,Trichodon trichodon,0,0
hab4 2018 7 11,Ammodytes1,0,0
hab4 2018 7 11,Amphistichus rhodoterus,0,0
hab4 2018 7 11,Anoplarchus1,2,1
hab4 2018 7 11,Apodichthys flavidus,6,1
hab4 2018 7 11,Artedius1,0,0
hab4 2018 7 11,Ascelichthys rhodorus,0,0
hab4 2018 7 11,Aulorhynchus flavidus,0,0
hab4 2018 7 11,Blepsias cirrhosus,0,0
hab4 2018 7 11,Brachyistius frenatus,0,0
hab4 2018 7 11,Chitonotus pugetensis,0,0
hab4 2018 7 11,Citharichthys1,2,1
hab4 2018 7 11,Clinocottus acuticeps,0,0
hab4 2018 7 11,Clupea pallasii,0,0
hab4 2018 7 11,Cymatogaster aggregata,5,1
hab4 2018 7 11,Embiotoca lateralis,0,0
hab4 2018 7 11,Enophrys bison,3,1
hab4 2018 7 11,Gadus chalcogrammus,0,0
hab4 2018 7 11,Gadus macrocephalus,0,0
hab4 2018 7 11,Gasterosteus aculeatus,1,1
hab4 2018 7 11,Gibbonsia metzi,0,0
hab4 2018 7 11,Gobiesox maeandricus,0,0
hab4 2018 7 11,Hemilepidotus hemilepidotus,2,1
hab4 2018 7 11,Hexagrammos decagrammus,0,0
hab4 2018 7 11,Hexagrammos stelleri,1,1
hab4 2018 7 11,Hexagrammos1,0,0
hab4 2018 7 11,Hypomesus pretiosus,2,1
hab4 2018 7 11,Jordania zonope,0,0
hab4 2018 7 11,Lepidogobius lepidus,0,0
hab4 2018 7 11,Lepidopsetta1,0,0
hab4 2018 7 11,Leptocottus armatus,88,1
hab4 2018 7 11,Lumpenus sagitta,1,1
hab4 2018 7 11,Microgadus proximus,0,0
hab4 2018 7 11,Myoxocephalus1,92,1
hab4 2018 7 11,Odontopyxis trispinosa,0,0
hab4 2018 7 11,Oligocottus rimensis,0,0
hab4 2018 7 11,Oligocottus1,40,1
hab4 2018 7 11,Oncorhynchus kisutch,0,0
hab4 2018 7 11,Oncorhynchus tshawytscha,0,0
hab4 2018 7 11,Ophiodon elongatus,5,1
hab4 2018 7 11,Oxylebius pictus,0,0
hab4 2018 7 11,Pallasina barbata,0,0
hab4 2018 7 11,Pholis1,64,1
hab4 2018 7 11,Platichthys stellatus,25,1
hab4 2018 7 11,Pleuronectidae1,17,1
hab4 2018 7 11,Pleuronichthys coenosus,0,0
hab4 2018 7 11,Rhacochilus vacca,0,0
hab4 2018 7 11,Rhinogobiops nicholsii,2,1
hab4 2018 7 11,Rimicola muscarum,0,0
hab4 2018 7 11,Salvelinus malma,0,0
hab4 2018 7 11,Scorpaenichthys marmoratus,0,0
hab4 2018 7 11,Sebastes paucispinis,0,0
hab4 2018 7 11,Sebastes1,0,0
hab4 2018 7 11,Sebastes2,0,0
hab4 2018 7 11,Synchirus gilli,0,0
hab4 2018 7 11,Syngnathus leptorhynchus,12,1
hab4 2018 7 11,Trichodon trichodon,0,0
hdo 2018 7 11,Ammodytes1,0,0
hdo 2018 7 11,Amphistichus rhodoterus,0,0
hdo 2018 7 11,Anoplarchus1,0,0
hdo 2018 7 11,Apodichthys flavidus,0,0
hdo 2018 7 11,Artedius1,0,0
hdo 2018 7 11,Ascelichthys rhodorus,0,0
hdo 2018 7 11,Aulorhynchus flavidus,1,1
hdo 2018 7 11,Blepsias cirrhosus,1,1
hdo 2018 7 11,Brachyistius frenatus,0,0
hdo 2018 7 11,Chitonotus pugetensis,0,0
hdo 2018 7 11,Citharichthys1,14,1
hdo 2018 7 11,Clinocottus acuticeps,0,0
hdo 2018 7 11,Clupea pallasii,0,0
hdo 2018 7 11,Cymatogaster aggregata,116,1
hdo 2018 7 11,Embiotoca lateralis,0,0
hdo 2018 7 11,Enophrys bison,1,1
hdo 2018 7 11,Gadus chalcogrammus,0,0
hdo 2018 7 11,Gadus macrocephalus,0,0
hdo 2018 7 11,Gasterosteus aculeatus,42,1
hdo 2018 7 11,Gibbonsia metzi,0,0
hdo 2018 7 11,Gobiesox maeandricus,0,0
hdo 2018 7 11,Hemilepidotus hemilepidotus,0,0
hdo 2018 7 11,Hexagrammos decagrammus,0,0
hdo 2018 7 11,Hexagrammos stelleri,0,0
hdo 2018 7 11,Hexagrammos1,0,0
hdo 2018 7 11,Hypomesus pretiosus,0,0
hdo 2018 7 11,Jordania zonope,0,0
hdo 2018 7 11,Lepidogobius lepidus,0,0
hdo 2018 7 11,Lepidopsetta1,0,0
hdo 2018 7 11,Leptocottus armatus,80,1
hdo 2018 7 11,Lumpenus sagitta,1,1
hdo 2018 7 11,Microgadus proximus,1,1
hdo 2018 7 11,Myoxocephalus1,14,1
hdo 2018 7 11,Odontopyxis trispinosa,0,0
hdo 2018 7 11,Oligocottus rimensis,0,0
hdo 2018 7 11,Oligocottus1,0,0
hdo 2018 7 11,Oncorhynchus kisutch,0,0
hdo 2018 7 11,Oncorhynchus tshawytscha,0,0
hdo 2018 7 11,Ophiodon elongatus,4,1
hdo 2018 7 11,Oxylebius pictus,0,0
hdo 2018 7 11,Pallasina barbata,0,0
hdo 2018 7 11,Pholis1,1,1
hdo 2018 7 11,Platichthys stellatus,3,1
hdo 2018 7 11,Pleuronectidae1,14,1
hdo 2018 7 11,Pleuronichthys coenosus,0,0
hdo 2018 7 11,Rhacochilus vacca,0,0
hdo 2018 7 11,Rhinogobiops nicholsii,0,0
hdo 2018 7 11,Rimicola muscarum,0,0
hdo 2018 7 11,Salvelinus malma,0,0
hdo 2018 7 11,Scorpaenichthys marmoratus,1,1
hdo 2018 7 11,Sebastes paucispinis,0,0
hdo 2018 7 11,Sebastes1,0,0
hdo 2018 7 11,Sebastes2,0,0
hdo 2018 7 11,Synchirus gilli,0,0
hdo 2018 7 11,Syngnathus leptorhynchus,38,1
hdo 2018 7 11,Trichodon trichodon,0,0
hdo 2018 8 23,Ammodytes1,0,0
hdo 2018 8 23,Amphistichus rhodoterus,0,0
hdo 2018 8 23,Anoplarchus1,0,0
hdo 2018 8 23,Apodichthys flavidus,0,0
hdo 2018 8 23,Artedius1,0,0
hdo 2018 8 23,Ascelichthys rhodorus,0,0
hdo 2018 8 23,Aulorhynchus flavidus,0,0
hdo 2018 8 23,Blepsias cirrhosus,0,0
hdo 2018 8 23,Brachyistius frenatus,0,0
hdo 2018 8 23,Chitonotus pugetensis,0,0
hdo 2018 8 23,Citharichthys1,3,1
hdo 2018 8 23,Clinocottus acuticeps,0,0
hdo 2018 8 23,Clupea pallasii,0,0
hdo 2018 8 23,Cymatogaster aggregata,131,1
hdo 2018 8 23,Embiotoca lateralis,0,0
hdo 2018 8 23,Enophrys bison,0,0
hdo 2018 8 23,Gadus chalcogrammus,0,0
hdo 2018 8 23,Gadus macrocephalus,0,0
hdo 2018 8 23,Gasterosteus aculeatus,73,1
hdo 2018 8 23,Gibbonsia metzi,0,0
hdo 2018 8 23,Gobiesox maeandricus,0,0
hdo 2018 8 23,Hemilepidotus hemilepidotus,0,0
hdo 2018 8 23,Hexagrammos decagrammus,0,0
hdo 2018 8 23,Hexagrammos stelleri,0,0
hdo 2018 8 23,Hexagrammos1,0,0
hdo 2018 8 23,Hypomesus pretiosus,0,0
hdo 2018 8 23,Jordania zonope,0,0
hdo 2018 8 23,Lepidogobius lepidus,0,0
hdo 2018 8 23,Lepidopsetta1,0,0
hdo 2018 8 23,Leptocottus armatus,112,1
hdo 2018 8 23,Lumpenus sagitta,0,0
hdo 2018 8 23,Microgadus proximus,0,0
hdo 2018 8 23,Myoxocephalus1,4,1
hdo 2018 8 23,Odontopyxis trispinosa,0,0
hdo 2018 8 23,Oligocottus rimensis,0,0
hdo 2018 8 23,Oligocottus1,3,1
hdo 2018 8 23,Oncorhynchus kisutch,0,0
hdo 2018 8 23,Oncorhynchus tshawytscha,0,0
hdo 2018 8 23,Ophiodon elongatus,0,0
hdo 2018 8 23,Oxylebius pictus,0,0
hdo 2018 8 23,Pallasina barbata,0,0
hdo 2018 8 23,Pholis1,0,0
hdo 2018 8 23,Platichthys stellatus,5,1
hdo 2018 8 23,Pleuronectidae1,6,1
hdo 2018 8 23,Pleuronichthys coenosus,0,0
hdo 2018 8 23,Rhacochilus vacca,0,0
hdo 2018 8 23,Rhinogobiops nicholsii,0,0
hdo 2018 8 23,Rimicola muscarum,0,0
hdo 2018 8 23,Salvelinus malma,0,0
hdo 2018 8 23,Scorpaenichthys marmoratus,0,0
hdo 2018 8 23,Sebastes paucispinis,0,0
hdo 2018 8 23,Sebastes1,0,0
hdo 2018 8 23,Sebastes2,0,0
hdo 2018 8 23,Synchirus gilli,0,0
hdo 2018 8 23,Syngnathus leptorhynchus,2,1
hdo 2018 8 23,Trichodon trichodon,0,0
hdo 2019 7 29,Ammodytes1,0,0
hdo 2019 7 29,Amphistichus rhodoterus,0,0
hdo 2019 7 29,Anoplarchus1,0,0
hdo 2019 7 29,Apodichthys flavidus,0,0
hdo 2019 7 29,Artedius1,0,0
hdo 2019 7 29,Ascelichthys rhodorus,0,0
hdo 2019 7 29,Aulorhynchus flavidus,0,0
hdo 2019 7 29,Blepsias cirrhosus,0,0
hdo 2019 7 29,Brachyistius frenatus,0,0
hdo 2019 7 29,Chitonotus pugetensis,0,0
hdo 2019 7 29,Citharichthys1,8,1
hdo 2019 7 29,Clinocottus acuticeps,1,1
hdo 2019 7 29,Clupea pallasii,0,0
hdo 2019 7 29,Cymatogaster aggregata,424,1
hdo 2019 7 29,Embiotoca lateralis,0,0
hdo 2019 7 29,Enophrys bison,0,0
hdo 2019 7 29,Gadus chalcogrammus,0,0
hdo 2019 7 29,Gadus macrocephalus,0,0
hdo 2019 7 29,Gasterosteus aculeatus,1,1
hdo 2019 7 29,Gibbonsia metzi,0,0
hdo 2019 7 29,Gobiesox maeandricus,0,0
hdo 2019 7 29,Hemilepidotus hemilepidotus,0,0
hdo 2019 7 29,Hexagrammos decagrammus,0,0
hdo 2019 7 29,Hexagrammos stelleri,0,0
hdo 2019 7 29,Hexagrammos1,0,0
hdo 2019 7 29,Hypomesus pretiosus,0,0
hdo 2019 7 29,Jordania zonope,0,0
hdo 2019 7 29,Lepidogobius lepidus,0,0
hdo 2019 7 29,Lepidopsetta1,0,0
hdo 2019 7 29,Leptocottus armatus,93,1
hdo 2019 7 29,Lumpenus sagitta,0,0
hdo 2019 7 29,Microgadus proximus,0,0
hdo 2019 7 29,Myoxocephalus1,1,1
hdo 2019 7 29,Odontopyxis trispinosa,0,0
hdo 2019 7 29,Oligocottus rimensis,0,0
hdo 2019 7 29,Oligocottus1,17,1
hdo 2019 7 29,Oncorhynchus kisutch,0,0
hdo 2019 7 29,Oncorhynchus tshawytscha,0,0
hdo 2019 7 29,Ophiodon elongatus,0,0
hdo 2019 7 29,Oxylebius pictus,0,0
hdo 2019 7 29,Pallasina barbata,0,0
hdo 2019 7 29,Pholis1,2,1
hdo 2019 7 29,Platichthys stellatus,1,1
hdo 2019 7 29,Pleuronectidae1,15,1
hdo 2019 7 29,Pleuronichthys coenosus,0,0
hdo 2019 7 29,Rhacochilus vacca,0,0
hdo 2019 7 29,Rhinogobiops nicholsii,0,0
hdo 2019 7 29,Rimicola muscarum,0,0
hdo 2019 7 29,Salvelinus malma,0,0
hdo 2019 7 29,Scorpaenichthys marmoratus,0,0
hdo 2019 7 29,Sebastes paucispinis,0,0
hdo 2019 7 29,Sebastes1,0,0
hdo 2019 7 29,Sebastes2,0,0
hdo 2019 7 29,Synchirus gilli,0,0
hdo 2019 7 29,Syngnathus leptorhynchus,22,1
hdo 2019 7 29,Trichodon trichodon,0,0
hdo 2020 7 19,Ammodytes1,0,0
hdo 2020 7 19,Amphistichus rhodoterus,0,0
hdo 2020 7 19,Anoplarchus1,0,0
hdo 2020 7 19,Apodichthys flavidus,0,0
hdo 2020 7 19,Artedius1,0,0
hdo 2020 7 19,Ascelichthys rhodorus,0,0
hdo 2020 7 19,Aulorhynchus flavidus,0,0
hdo 2020 7 19,Blepsias cirrhosus,4,1
hdo 2020 7 19,Brachyistius frenatus,0,0
hdo 2020 7 19,Chitonotus pugetensis,0,0
hdo 2020 7 19,Citharichthys1,8,1
hdo 2020 7 19,Clinocottus acuticeps,0,0
hdo 2020 7 19,Clupea pallasii,0,0
hdo 2020 7 19,Cymatogaster aggregata,104,1
hdo 2020 7 19,Embiotoca lateralis,0,0
hdo 2020 7 19,Enophrys bison,0,0
hdo 2020 7 19,Gadus chalcogrammus,0,0
hdo 2020 7 19,Gadus macrocephalus,0,0
hdo 2020 7 19,Gasterosteus aculeatus,28,1
hdo 2020 7 19,Gibbonsia metzi,0,0
hdo 2020 7 19,Gobiesox maeandricus,0,0
hdo 2020 7 19,Hemilepidotus hemilepidotus,0,0
hdo 2020 7 19,Hexagrammos decagrammus,8,1
hdo 2020 7 19,Hexagrammos stelleri,0,0
hdo 2020 7 19,Hexagrammos1,0,0
hdo 2020 7 19,Hypomesus pretiosus,0,0
hdo 2020 7 19,Jordania zonope,0,0
hdo 2020 7 19,Lepidogobius lepidus,1,1
hdo 2020 7 19,Lepidopsetta1,0,0
hdo 2020 7 19,Leptocottus armatus,89,1
hdo 2020 7 19,Lumpenus sagitta,1,1
hdo 2020 7 19,Microgadus proximus,0,0
hdo 2020 7 19,Myoxocephalus1,0,0
hdo 2020 7 19,Odontopyxis trispinosa,0,0
hdo 2020 7 19,Oligocottus rimensis,0,0
hdo 2020 7 19,Oligocottus1,4,1
hdo 2020 7 19,Oncorhynchus kisutch,0,0
hdo 2020 7 19,Oncorhynchus tshawytscha,0,0
hdo 2020 7 19,Ophiodon elongatus,20,1
hdo 2020 7 19,Oxylebius pictus,0,0
hdo 2020 7 19,Pallasina barbata,0,0
hdo 2020 7 19,Pholis1,7,1
hdo 2020 7 19,Platichthys stellatus,0,0
hdo 2020 7 19,Pleuronectidae1,1,1
hdo 2020 7 19,Pleuronichthys coenosus,0,0
hdo 2020 7 19,Rhacochilus vacca,0,0
hdo 2020 7 19,Rhinogobiops nicholsii,0,0
hdo 2020 7 19,Rimicola muscarum,0,0
hdo 2020 7 19,Salvelinus malma,0,0
hdo 2020 7 19,Scorpaenichthys marmoratus,0,0
hdo 2020 7 19,Sebastes paucispinis,0,0
hdo 2020 7 19,Sebastes1,0,0
hdo 2020 7 19,Sebastes2,0,0
hdo 2020 7 19,Synchirus gilli,0,0
hdo 2020 7 19,Syngnathus leptorhynchus,96,1
hdo 2020 7 19,Trichodon trichodon,0,0
kis1 2018 7 13,Ammodytes1,28,1
kis1 2018 7 13,Amphistichus rhodoterus,0,0
kis1 2018 7 13,Anoplarchus1,0,0
kis1 2018 7 13,Apodichthys flavidus,13,1
kis1 2018 7 13,Artedius1,0,0
kis1 2018 7 13,Ascelichthys rhodorus,0,0
kis1 2018 7 13,Aulorhynchus flavidus,2,1
kis1 2018 7 13,Blepsias cirrhosus,2,1
kis1 2018 7 13,Brachyistius frenatus,0,0
kis1 2018 7 13,Chitonotus pugetensis,2,1
kis1 2018 7 13,Citharichthys1,3,1
kis1 2018 7 13,Clinocottus acuticeps,0,0
kis1 2018 7 13,Clupea pallasii,0,0
kis1 2018 7 13,Cymatogaster aggregata,27,1
kis1 2018 7 13,Embiotoca lateralis,0,0
kis1 2018 7 13,Enophrys bison,6,1
kis1 2018 7 13,Gadus chalcogrammus,0,0
kis1 2018 7 13,Gadus macrocephalus,0,0
kis1 2018 7 13,Gasterosteus aculeatus,0,0
kis1 2018 7 13,Gibbonsia metzi,0,0
kis1 2018 7 13,Gobiesox maeandricus,0,0
kis1 2018 7 13,Hemilepidotus hemilepidotus,3,1
kis1 2018 7 13,Hexagrammos decagrammus,9,1
kis1 2018 7 13,Hexagrammos stelleri,0,0
kis1 2018 7 13,Hexagrammos1,0,0
kis1 2018 7 13,Hypomesus pretiosus,0,0
kis1 2018 7 13,Jordania zonope,0,0
kis1 2018 7 13,Lepidogobius lepidus,0,0
kis1 2018 7 13,Lepidopsetta1,0,0
kis1 2018 7 13,Leptocottus armatus,1,1
kis1 2018 7 13,Lumpenus sagitta,0,0
kis1 2018 7 13,Microgadus proximus,0,0
kis1 2018 7 13,Myoxocephalus1,0,0
kis1 2018 7 13,Odontopyxis trispinosa,0,0
kis1 2018 7 13,Oligocottus rimensis,0,0
kis1 2018 7 13,Oligocottus1,1,1
kis1 2018 7 13,Oncorhynchus kisutch,0,0
kis1 2018 7 13,Oncorhynchus tshawytscha,0,0
kis1 2018 7 13,Ophiodon elongatus,0,0
kis1 2018 7 13,Oxylebius pictus,0,0
kis1 2018 7 13,Pallasina barbata,0,0
kis1 2018 7 13,Pholis1,18,1
kis1 2018 7 13,Platichthys stellatus,0,0
kis1 2018 7 13,Pleuronectidae1,23,1
kis1 2018 7 13,Pleuronichthys coenosus,0,0
kis1 2018 7 13,Rhacochilus vacca,0,0
kis1 2018 7 13,Rhinogobiops nicholsii,0,0
kis1 2018 7 13,Rimicola muscarum,0,0
kis1 2018 7 13,Salvelinus malma,0,0
kis1 2018 7 13,Scorpaenichthys marmoratus,1,1
kis1 2018 7 13,Sebastes paucispinis,0,0
kis1 2018 7 13,Sebastes1,1,1
kis1 2018 7 13,Sebastes2,0,0
kis1 2018 7 13,Synchirus gilli,15,1
kis1 2018 7 13,Syngnathus leptorhynchus,4,1
kis1 2018 7 13,Trichodon trichodon,0,0
kis1 2019 8 1,Ammodytes1,79,1
kis1 2019 8 1,Amphistichus rhodoterus,0,0
kis1 2019 8 1,Anoplarchus1,0,0
kis1 2019 8 1,Apodichthys flavidus,5,1
kis1 2019 8 1,Artedius1,3,1
kis1 2019 8 1,Ascelichthys rhodorus,0,0
kis1 2019 8 1,Aulorhynchus flavidus,6,1
kis1 2019 8 1,Blepsias cirrhosus,0,0
kis1 2019 8 1,Brachyistius frenatus,0,0
kis1 2019 8 1,Chitonotus pugetensis,1,1
kis1 2019 8 1,Citharichthys1,10,1
kis1 2019 8 1,Clinocottus acuticeps,0,0
kis1 2019 8 1,Clupea pallasii,0,0
kis1 2019 8 1,Cymatogaster aggregata,18,1
kis1 2019 8 1,Embiotoca lateralis,0,0
kis1 2019 8 1,Enophrys bison,13,1
kis1 2019 8 1,Gadus chalcogrammus,0,0
kis1 2019 8 1,Gadus macrocephalus,0,0
kis1 2019 8 1,Gasterosteus aculeatus,0,0
kis1 2019 8 1,Gibbonsia metzi,0,0
kis1 2019 8 1,Gobiesox maeandricus,0,0
kis1 2019 8 1,Hemilepidotus hemilepidotus,0,0
kis1 2019 8 1,Hexagrammos decagrammus,18,1
kis1 2019 8 1,Hexagrammos stelleri,0,0
kis1 2019 8 1,Hexagrammos1,0,0
kis1 2019 8 1,Hypomesus pretiosus,0,0
kis1 2019 8 1,Jordania zonope,1,1
kis1 2019 8 1,Lepidogobius lepidus,0,0
kis1 2019 8 1,Lepidopsetta1,0,0
kis1 2019 8 1,Leptocottus armatus,1,1
kis1 2019 8 1,Lumpenus sagitta,0,0
kis1 2019 8 1,Microgadus proximus,0,0
kis1 2019 8 1,Myoxocephalus1,0,0
kis1 2019 8 1,Odontopyxis trispinosa,0,0
kis1 2019 8 1,Oligocottus rimensis,0,0
kis1 2019 8 1,Oligocottus1,9,1
kis1 2019 8 1,Oncorhynchus kisutch,0,0
kis1 2019 8 1,Oncorhynchus tshawytscha,0,0
kis1 2019 8 1,Ophiodon elongatus,0,0
kis1 2019 8 1,Oxylebius pictus,0,0
kis1 2019 8 1,Pallasina barbata,0,0
kis1 2019 8 1,Pholis1,17,1
kis1 2019 8 1,Platichthys stellatus,0,0
kis1 2019 8 1,Pleuronectidae1,2,1
kis1 2019 8 1,Pleuronichthys coenosus,7,1
kis1 2019 8 1,Rhacochilus vacca,0,0
kis1 2019 8 1,Rhinogobiops nicholsii,0,0
kis1 2019 8 1,Rimicola muscarum,0,0
kis1 2019 8 1,Salvelinus malma,0,0
kis1 2019 8 1,Scorpaenichthys marmoratus,1,1
kis1 2019 8 1,Sebastes paucispinis,0,0
kis1 2019 8 1,Sebastes1,0,0
kis1 2019 8 1,Sebastes2,0,0
kis1 2019 8 1,Synchirus gilli,0,0
kis1 2019 8 1,Syngnathus leptorhynchus,10,1
kis1 2019 8 1,Trichodon trichodon,0,0
kis1 2020 7 24,Ammodytes1,11,1
kis1 2020 7 24,Amphistichus rhodoterus,0,0
kis1 2020 7 24,Anoplarchus1,0,0
kis1 2020 7 24,Apodichthys flavidus,3,1
kis1 2020 7 24,Artedius1,4,1
kis1 2020 7 24,Ascelichthys rhodorus,0,0
kis1 2020 7 24,Aulorhynchus flavidus,22,1
kis1 2020 7 24,Blepsias cirrhosus,4,1
kis1 2020 7 24,Brachyistius frenatus,1,1
kis1 2020 7 24,Chitonotus pugetensis,6,1
kis1 2020 7 24,Citharichthys1,1,1
kis1 2020 7 24,Clinocottus acuticeps,0,0
kis1 2020 7 24,Clupea pallasii,0,0
kis1 2020 7 24,Cymatogaster aggregata,46,1
kis1 2020 7 24,Embiotoca lateralis,0,0
kis1 2020 7 24,Enophrys bison,4,1
kis1 2020 7 24,Gadus chalcogrammus,0,0
kis1 2020 7 24,Gadus macrocephalus,0,0
kis1 2020 7 24,Gasterosteus aculeatus,0,0
kis1 2020 7 24,Gibbonsia metzi,0,0
kis1 2020 7 24,Gobiesox maeandricus,0,0
kis1 2020 7 24,Hemilepidotus hemilepidotus,0,0
kis1 2020 7 24,Hexagrammos decagrammus,8,1
kis1 2020 7 24,Hexagrammos stelleri,0,0
kis1 2020 7 24,Hexagrammos1,0,0
kis1 2020 7 24,Hypomesus pretiosus,0,0
kis1 2020 7 24,Jordania zonope,0,0
kis1 2020 7 24,Lepidogobius lepidus,0,0
kis1 2020 7 24,Lepidopsetta1,1,1
kis1 2020 7 24,Leptocottus armatus,1,1
kis1 2020 7 24,Lumpenus sagitta,0,0
kis1 2020 7 24,Microgadus proximus,0,0
kis1 2020 7 24,Myoxocephalus1,0,0
kis1 2020 7 24,Odontopyxis trispinosa,0,0
kis1 2020 7 24,Oligocottus rimensis,0,0
kis1 2020 7 24,Oligocottus1,7,1
kis1 2020 7 24,Oncorhynchus kisutch,0,0
kis1 2020 7 24,Oncorhynchus tshawytscha,0,0
kis1 2020 7 24,Ophiodon elongatus,1,1
kis1 2020 7 24,Oxylebius pictus,0,0
kis1 2020 7 24,Pallasina barbata,0,0
kis1 2020 7 24,Pholis1,21,1
kis1 2020 7 24,Platichthys stellatus,0,0
kis1 2020 7 24,Pleuronectidae1,12,1
kis1 2020 7 24,Pleuronichthys coenosus,8,1
kis1 2020 7 24,Rhacochilus vacca,0,0
kis1 2020 7 24,Rhinogobiops nicholsii,0,0
kis1 2020 7 24,Rimicola muscarum,0,0
kis1 2020 7 24,Salvelinus malma,0,0
kis1 2020 7 24,Scorpaenichthys marmoratus,0,0
kis1 2020 7 24,Sebastes paucispinis,0,0
kis1 2020 7 24,Sebastes1,2,1
kis1 2020 7 24,Sebastes2,25,1
kis1 2020 7 24,Synchirus gilli,3,1
kis1 2020 7 24,Syngnathus leptorhynchus,12,1
kis1 2020 7 24,Trichodon trichodon,0,0
kis2 2018 7 13,Ammodytes1,2420,1
kis2 2018 7 13,Amphistichus rhodoterus,0,0
kis2 2018 7 13,Anoplarchus1,1,1
kis2 2018 7 13,Apodichthys flavidus,5,1
kis2 2018 7 13,Artedius1,0,0
kis2 2018 7 13,Ascelichthys rhodorus,0,0
kis2 2018 7 13,Aulorhynchus flavidus,0,0
kis2 2018 7 13,Blepsias cirrhosus,0,0
kis2 2018 7 13,Brachyistius frenatus,0,0
kis2 2018 7 13,Chitonotus pugetensis,0,0
kis2 2018 7 13,Citharichthys1,16,1
kis2 2018 7 13,Clinocottus acuticeps,0,0
kis2 2018 7 13,Clupea pallasii,3170,1
kis2 2018 7 13,Cymatogaster aggregata,13,1
kis2 2018 7 13,Embiotoca lateralis,0,0
kis2 2018 7 13,Enophrys bison,4,1
kis2 2018 7 13,Gadus chalcogrammus,0,0
kis2 2018 7 13,Gadus macrocephalus,3,1
kis2 2018 7 13,Gasterosteus aculeatus,0,0
kis2 2018 7 13,Gibbonsia metzi,0,0
kis2 2018 7 13,Gobiesox maeandricus,0,0
kis2 2018 7 13,Hemilepidotus hemilepidotus,6,1
kis2 2018 7 13,Hexagrammos decagrammus,34,1
kis2 2018 7 13,Hexagrammos stelleri,1,1
kis2 2018 7 13,Hexagrammos1,1,1
kis2 2018 7 13,Hypomesus pretiosus,0,0
kis2 2018 7 13,Jordania zonope,0,0
kis2 2018 7 13,Lepidogobius lepidus,0,0
kis2 2018 7 13,Lepidopsetta1,0,0
kis2 2018 7 13,Leptocottus armatus,1,1
kis2 2018 7 13,Lumpenus sagitta,0,0
kis2 2018 7 13,Microgadus proximus,0,0
kis2 2018 7 13,Myoxocephalus1,0,0
kis2 2018 7 13,Odontopyxis trispinosa,0,0
kis2 2018 7 13,Oligocottus rimensis,0,0
kis2 2018 7 13,Oligocottus1,0,0
kis2 2018 7 13,Oncorhynchus kisutch,0,0
kis2 2018 7 13,Oncorhynchus tshawytscha,0,0
kis2 2018 7 13,Ophiodon elongatus,1,1
kis2 2018 7 13,Oxylebius pictus,0,0
kis2 2018 7 13,Pallasina barbata,0,0
kis2 2018 7 13,Pholis1,4,1
kis2 2018 7 13,Platichthys stellatus,0,0
kis2 2018 7 13,Pleuronectidae1,36,1
kis2 2018 7 13,Pleuronichthys coenosus,0,0
kis2 2018 7 13,Rhacochilus vacca,0,0
kis2 2018 7 13,Rhinogobiops nicholsii,0,0
kis2 2018 7 13,Rimicola muscarum,0,0
kis2 2018 7 13,Salvelinus malma,0,0
kis2 2018 7 13,Scorpaenichthys marmoratus,1,1
kis2 2018 7 13,Sebastes paucispinis,0,0
kis2 2018 7 13,Sebastes1,0,0
kis2 2018 7 13,Sebastes2,0,0
kis2 2018 7 13,Synchirus gilli,22,1
kis2 2018 7 13,Syngnathus leptorhynchus,3,1
kis2 2018 7 13,Trichodon trichodon,0,0
kis2 2019 8 1,Ammodytes1,0,0
kis2 2019 8 1,Amphistichus rhodoterus,0,0
kis2 2019 8 1,Anoplarchus1,0,0
kis2 2019 8 1,Apodichthys flavidus,4,1
kis2 2019 8 1,Artedius1,0,0
kis2 2019 8 1,Ascelichthys rhodorus,0,0
kis2 2019 8 1,Aulorhynchus flavidus,1,1
kis2 2019 8 1,Blepsias cirrhosus,1,1
kis2 2019 8 1,Brachyistius frenatus,1,1
kis2 2019 8 1,Chitonotus pugetensis,0,0
kis2 2019 8 1,Citharichthys1,2,1
kis2 2019 8 1,Clinocottus acuticeps,0,0
kis2 2019 8 1,Clupea pallasii,0,0
kis2 2019 8 1,Cymatogaster aggregata,29,1
kis2 2019 8 1,Embiotoca lateralis,9,1
kis2 2019 8 1,Enophrys bison,0,0
kis2 2019 8 1,Gadus chalcogrammus,0,0
kis2 2019 8 1,Gadus macrocephalus,0,0
kis2 2019 8 1,Gasterosteus aculeatus,0,0
kis2 2019 8 1,Gibbonsia metzi,1,1
kis2 2019 8 1,Gobiesox maeandricus,3,1
kis2 2019 8 1,Hemilepidotus hemilepidotus,1,1
kis2 2019 8 1,Hexagrammos decagrammus,12,1
kis2 2019 8 1,Hexagrammos stelleri,0,0
kis2 2019 8 1,Hexagrammos1,0,0
kis2 2019 8 1,Hypomesus pretiosus,0,0
kis2 2019 8 1,Jordania zonope,0,0
kis2 2019 8 1,Lepidogobius lepidus,0,0
kis2 2019 8 1,Lepidopsetta1,0,0
kis2 2019 8 1,Leptocottus armatus,1,1
kis2 2019 8 1,Lumpenus sagitta,0,0
kis2 2019 8 1,Microgadus proximus,0,0
kis2 2019 8 1,Myoxocephalus1,0,0
kis2 2019 8 1,Odontopyxis trispinosa,0,0
kis2 2019 8 1,Oligocottus rimensis,0,0
kis2 2019 8 1,Oligocottus1,44,1
kis2 2019 8 1,Oncorhynchus kisutch,0,0
kis2 2019 8 1,Oncorhynchus tshawytscha,0,0
kis2 2019 8 1,Ophiodon elongatus,0,0
kis2 2019 8 1,Oxylebius pictus,0,0
kis2 2019 8 1,Pallasina barbata,0,0
kis2 2019 8 1,Pholis1,8,1
kis2 2019 8 1,Platichthys stellatus,0,0
kis2 2019 8 1,Pleuronectidae1,8,1
kis2 2019 8 1,Pleuronichthys coenosus,0,0
kis2 2019 8 1,Rhacochilus vacca,0,0
kis2 2019 8 1,Rhinogobiops nicholsii,1,1
kis2 2019 8 1,Rimicola muscarum,0,0
kis2 2019 8 1,Salvelinus malma,0,0
kis2 2019 8 1,Scorpaenichthys marmoratus,8,1
kis2 2019 8 1,Sebastes paucispinis,0,0
kis2 2019 8 1,Sebastes1,0,0
kis2 2019 8 1,Sebastes2,0,0
kis2 2019 8 1,Synchirus gilli,3,1
kis2 2019 8 1,Syngnathus leptorhynchus,77,1
kis2 2019 8 1,Trichodon trichodon,0,0
kis2 2020 7 24,Ammodytes1,0,0
kis2 2020 7 24,Amphistichus rhodoterus,0,0
kis2 2020 7 24,Anoplarchus1,0,0
kis2 2020 7 24,Apodichthys flavidus,1,1
kis2 2020 7 24,Artedius1,6,1
kis2 2020 7 24,Ascelichthys rhodorus,0,0
kis2 2020 7 24,Aulorhynchus flavidus,4,1
kis2 2020 7 24,Blepsias cirrhosus,0,0
kis2 2020 7 24,Brachyistius frenatus,0,0
kis2 2020 7 24,Chitonotus pugetensis,7,1
kis2 2020 7 24,Citharichthys1,2,1
kis2 2020 7 24,Clinocottus acuticeps,0,0
kis2 2020 7 24,Clupea pallasii,0,0
kis2 2020 7 24,Cymatogaster aggregata,9,1
kis2 2020 7 24,Embiotoca lateralis,1,1
kis2 2020 7 24,Enophrys bison,11,1
kis2 2020 7 24,Gadus chalcogrammus,0,0
kis2 2020 7 24,Gadus macrocephalus,0,0
kis2 2020 7 24,Gasterosteus aculeatus,0,0
kis2 2020 7 24,Gibbonsia metzi,0,0
kis2 2020 7 24,Gobiesox maeandricus,8,1
kis2 2020 7 24,Hemilepidotus hemilepidotus,0,0
kis2 2020 7 24,Hexagrammos decagrammus,21,1
kis2 2020 7 24,Hexagrammos stelleri,0,0
kis2 2020 7 24,Hexagrammos1,0,0
kis2 2020 7 24,Hypomesus pretiosus,0,0
kis2 2020 7 24,Jordania zonope,0,0
kis2 2020 7 24,Lepidogobius lepidus,0,0
kis2 2020 7 24,Lepidopsetta1,2,1
kis2 2020 7 24,Leptocottus armatus,2,1
kis2 2020 7 24,Lumpenus sagitta,0,0
kis2 2020 7 24,Microgadus proximus,0,0
kis2 2020 7 24,Myoxocephalus1,0,0
kis2 2020 7 24,Odontopyxis trispinosa,0,0
kis2 2020 7 24,Oligocottus rimensis,0,0
kis2 2020 7 24,Oligocottus1,13,1
kis2 2020 7 24,Oncorhynchus kisutch,0,0
kis2 2020 7 24,Oncorhynchus tshawytscha,0,0
kis2 2020 7 24,Ophiodon elongatus,1,1
kis2 2020 7 24,Oxylebius pictus,0,0
kis2 2020 7 24,Pallasina barbata,0,0
kis2 2020 7 24,Pholis1,29,1
kis2 2020 7 24,Platichthys stellatus,0,0
kis2 2020 7 24,Pleuronectidae1,22,1
kis2 2020 7 24,Pleuronichthys coenosus,0,0
kis2 2020 7 24,Rhacochilus vacca,0,0
kis2 2020 7 24,Rhinogobiops nicholsii,0,0
kis2 2020 7 24,Rimicola muscarum,0,0
kis2 2020 7 24,Salvelinus malma,0,0
kis2 2020 7 24,Scorpaenichthys marmoratus,1,1
kis2 2020 7 24,Sebastes paucispinis,0,0
kis2 2020 7 24,Sebastes1,0,0
kis2 2020 7 24,Sebastes2,0,0
kis2 2020 7 24,Synchirus gilli,1,1
kis2 2020 7 24,Syngnathus leptorhynchus,19,1
kis2 2020 7 24,Trichodon trichodon,0,0
koe1 2018 7 18,Ammodytes1,1,1
koe1 2018 7 18,Amphistichus rhodoterus,0,0
koe1 2018 7 18,Anoplarchus1,0,0
koe1 2018 7 18,Apodichthys flavidus,0,0
koe1 2018 7 18,Artedius1,0,0
koe1 2018 7 18,Ascelichthys rhodorus,0,0
koe1 2018 7 18,Aulorhynchus flavidus,0,0
koe1 2018 7 18,Blepsias cirrhosus,0,0
koe1 2018 7 18,Brachyistius frenatus,0,0
koe1 2018 7 18,Chitonotus pugetensis,0,0
koe1 2018 7 18,Citharichthys1,67,1
koe1 2018 7 18,Clinocottus acuticeps,0,0
koe1 2018 7 18,Clupea pallasii,0,0
koe1 2018 7 18,Cymatogaster aggregata,0,0
koe1 2018 7 18,Embiotoca lateralis,0,0
koe1 2018 7 18,Enophrys bison,0,0
koe1 2018 7 18,Gadus chalcogrammus,0,0
koe1 2018 7 18,Gadus macrocephalus,0,0
koe1 2018 7 18,Gasterosteus aculeatus,0,0
koe1 2018 7 18,Gibbonsia metzi,0,0
koe1 2018 7 18,Gobiesox maeandricus,0,0
koe1 2018 7 18,Hemilepidotus hemilepidotus,0,0
koe1 2018 7 18,Hexagrammos decagrammus,0,0
koe1 2018 7 18,Hexagrammos stelleri,0,0
koe1 2018 7 18,Hexagrammos1,0,0
koe1 2018 7 18,Hypomesus pretiosus,0,0
koe1 2018 7 18,Jordania zonope,0,0
koe1 2018 7 18,Lepidogobius lepidus,0,0
koe1 2018 7 18,Lepidopsetta1,0,0
koe1 2018 7 18,Leptocottus armatus,7,1
koe1 2018 7 18,Lumpenus sagitta,0,0
koe1 2018 7 18,Microgadus proximus,0,0
koe1 2018 7 18,Myoxocephalus1,0,0
koe1 2018 7 18,Odontopyxis trispinosa,0,0
koe1 2018 7 18,Oligocottus rimensis,0,0
koe1 2018 7 18,Oligocottus1,1,1
koe1 2018 7 18,Oncorhynchus kisutch,24,1
koe1 2018 7 18,Oncorhynchus tshawytscha,0,0
koe1 2018 7 18,Ophiodon elongatus,0,0
koe1 2018 7 18,Oxylebius pictus,0,0
koe1 2018 7 18,Pallasina barbata,0,0
koe1 2018 7 18,Pholis1,0,0
koe1 2018 7 18,Platichthys stellatus,3,1
koe1 2018 7 18,Pleuronectidae1,161,1
koe1 2018 7 18,Pleuronichthys coenosus,0,0
koe1 2018 7 18,Rhacochilus vacca,0,0
koe1 2018 7 18,Rhinogobiops nicholsii,0,0
koe1 2018 7 18,Rimicola muscarum,0,0
koe1 2018 7 18,Salvelinus malma,1,1
koe1 2018 7 18,Scorpaenichthys marmoratus,0,0
koe1 2018 7 18,Sebastes paucispinis,0,0
koe1 2018 7 18,Sebastes1,0,0
koe1 2018 7 18,Sebastes2,0,0
koe1 2018 7 18,Synchirus gilli,0,0
koe1 2018 7 18,Syngnathus leptorhynchus,2,1
koe1 2018 7 18,Trichodon trichodon,0,0
koe1 2019 8 4,Ammodytes1,129,1
koe1 2019 8 4,Amphistichus rhodoterus,0,0
koe1 2019 8 4,Anoplarchus1,0,0
koe1 2019 8 4,Apodichthys flavidus,0,0
koe1 2019 8 4,Artedius1,0,0
koe1 2019 8 4,Ascelichthys rhodorus,0,0
koe1 2019 8 4,Aulorhynchus flavidus,0,0
koe1 2019 8 4,Blepsias cirrhosus,0,0
koe1 2019 8 4,Brachyistius frenatus,0,0
koe1 2019 8 4,Chitonotus pugetensis,0,0
koe1 2019 8 4,Citharichthys1,180,1
koe1 2019 8 4,Clinocottus acuticeps,0,0
koe1 2019 8 4,Clupea pallasii,0,0
koe1 2019 8 4,Cymatogaster aggregata,0,0
koe1 2019 8 4,Embiotoca lateralis,0,0
koe1 2019 8 4,Enophrys bison,0,0
koe1 2019 8 4,Gadus chalcogrammus,0,0
koe1 2019 8 4,Gadus macrocephalus,0,0
koe1 2019 8 4,Gasterosteus aculeatus,0,0
koe1 2019 8 4,Gibbonsia metzi,0,0
koe1 2019 8 4,Gobiesox maeandricus,0,0
koe1 2019 8 4,Hemilepidotus hemilepidotus,0,0
koe1 2019 8 4,Hexagrammos decagrammus,0,0
koe1 2019 8 4,Hexagrammos stelleri,0,0
koe1 2019 8 4,Hexagrammos1,0,0
koe1 2019 8 4,Hypomesus pretiosus,0,0
koe1 2019 8 4,Jordania zonope,0,0
koe1 2019 8 4,Lepidogobius lepidus,0,0
koe1 2019 8 4,Lepidopsetta1,0,0
koe1 2019 8 4,Leptocottus armatus,69,1
koe1 2019 8 4,Lumpenus sagitta,0,0
koe1 2019 8 4,Microgadus proximus,0,0
koe1 2019 8 4,Myoxocephalus1,0,0
koe1 2019 8 4,Odontopyxis trispinosa,0,0
koe1 2019 8 4,Oligocottus rimensis,0,0
koe1 2019 8 4,Oligocottus1,0,0
koe1 2019 8 4,Oncorhynchus kisutch,0,0
koe1 2019 8 4,Oncorhynchus tshawytscha,0,0
koe1 2019 8 4,Ophiodon elongatus,0,0
koe1 2019 8 4,Oxylebius pictus,0,0
koe1 2019 8 4,Pallasina barbata,0,0
koe1 2019 8 4,Pholis1,0,0
koe1 2019 8 4,Platichthys stellatus,11,1
koe1 2019 8 4,Pleuronectidae1,317,1
koe1 2019 8 4,Pleuronichthys coenosus,0,0
koe1 2019 8 4,Rhacochilus vacca,0,0
koe1 2019 8 4,Rhinogobiops nicholsii,0,0
koe1 2019 8 4,Rimicola muscarum,0,0
koe1 2019 8 4,Salvelinus malma,1,1
koe1 2019 8 4,Scorpaenichthys marmoratus,0,0
koe1 2019 8 4,Sebastes paucispinis,0,0
koe1 2019 8 4,Sebastes1,0,0
koe1 2019 8 4,Sebastes2,0,0
koe1 2019 8 4,Synchirus gilli,0,0
koe1 2019 8 4,Syngnathus leptorhynchus,3,1
koe1 2019 8 4,Trichodon trichodon,0,0
koe1 2020 7 23,Ammodytes1,643,1
koe1 2020 7 23,Amphistichus rhodoterus,0,0
koe1 2020 7 23,Anoplarchus1,0,0
koe1 2020 7 23,Apodichthys flavidus,0,0
koe1 2020 7 23,Artedius1,0,0
koe1 2020 7 23,Ascelichthys rhodorus,0,0
koe1 2020 7 23,Aulorhynchus flavidus,0,0
koe1 2020 7 23,Blepsias cirrhosus,0,0
koe1 2020 7 23,Brachyistius frenatus,0,0
koe1 2020 7 23,Chitonotus pugetensis,0,0
koe1 2020 7 23,Citharichthys1,69,1
koe1 2020 7 23,Clinocottus acuticeps,0,0
koe1 2020 7 23,Clupea pallasii,0,0
koe1 2020 7 23,Cymatogaster aggregata,0,0
koe1 2020 7 23,Embiotoca lateralis,0,0
koe1 2020 7 23,Enophrys bison,0,0
koe1 2020 7 23,Gadus chalcogrammus,0,0
koe1 2020 7 23,Gadus macrocephalus,0,0
koe1 2020 7 23,Gasterosteus aculeatus,3,1
koe1 2020 7 23,Gibbonsia metzi,0,0
koe1 2020 7 23,Gobiesox maeandricus,0,0
koe1 2020 7 23,Hemilepidotus hemilepidotus,0,0
koe1 2020 7 23,Hexagrammos decagrammus,0,0
koe1 2020 7 23,Hexagrammos stelleri,0,0
koe1 2020 7 23,Hexagrammos1,0,0
koe1 2020 7 23,Hypomesus pretiosus,0,0
koe1 2020 7 23,Jordania zonope,0,0
koe1 2020 7 23,Lepidogobius lepidus,0,0
koe1 2020 7 23,Lepidopsetta1,0,0
koe1 2020 7 23,Leptocottus armatus,27,1
koe1 2020 7 23,Lumpenus sagitta,0,0
koe1 2020 7 23,Microgadus proximus,0,0
koe1 2020 7 23,Myoxocephalus1,0,0
koe1 2020 7 23,Odontopyxis trispinosa,0,0
koe1 2020 7 23,Oligocottus rimensis,0,0
koe1 2020 7 23,Oligocottus1,0,0
koe1 2020 7 23,Oncorhynchus kisutch,5,1
koe1 2020 7 23,Oncorhynchus tshawytscha,0,0
koe1 2020 7 23,Ophiodon elongatus,0,0
koe1 2020 7 23,Oxylebius pictus,0,0
koe1 2020 7 23,Pallasina barbata,1,1
koe1 2020 7 23,Pholis1,0,0
koe1 2020 7 23,Platichthys stellatus,20,1
koe1 2020 7 23,Pleuronectidae1,163,1
koe1 2020 7 23,Pleuronichthys coenosus,0,0
koe1 2020 7 23,Rhacochilus vacca,0,0
koe1 2020 7 23,Rhinogobiops nicholsii,0,0
koe1 2020 7 23,Rimicola muscarum,0,0
koe1 2020 7 23,Salvelinus malma,4,1
koe1 2020 7 23,Scorpaenichthys marmoratus,0,0
koe1 2020 7 23,Sebastes paucispinis,0,0
koe1 2020 7 23,Sebastes1,0,0
koe1 2020 7 23,Sebastes2,0,0
koe1 2020 7 23,Synchirus gilli,0,0
koe1 2020 7 23,Syngnathus leptorhynchus,7,1
koe1 2020 7 23,Trichodon trichodon,0,0
koe3 2018 7 18,Ammodytes1,6601,1
koe3 2018 7 18,Amphistichus rhodoterus,0,0
koe3 2018 7 18,Anoplarchus1,0,0
koe3 2018 7 18,Apodichthys flavidus,0,0
koe3 2018 7 18,Artedius1,0,0
koe3 2018 7 18,Ascelichthys rhodorus,0,0
koe3 2018 7 18,Aulorhynchus flavidus,0,0
koe3 2018 7 18,Blepsias cirrhosus,0,0
koe3 2018 7 18,Brachyistius frenatus,0,0
koe3 2018 7 18,Chitonotus pugetensis,0,0
koe3 2018 7 18,Citharichthys1,1,1
koe3 2018 7 18,Clinocottus acuticeps,0,0
koe3 2018 7 18,Clupea pallasii,6,1
koe3 2018 7 18,Cymatogaster aggregata,4,1
koe3 2018 7 18,Embiotoca lateralis,0,0
koe3 2018 7 18,Enophrys bison,0,0
koe3 2018 7 18,Gadus chalcogrammus,0,0
koe3 2018 7 18,Gadus macrocephalus,0,0
koe3 2018 7 18,Gasterosteus aculeatus,0,0
koe3 2018 7 18,Gibbonsia metzi,0,0
koe3 2018 7 18,Gobiesox maeandricus,0,0
koe3 2018 7 18,Hemilepidotus hemilepidotus,1,1
koe3 2018 7 18,Hexagrammos decagrammus,1,1
koe3 2018 7 18,Hexagrammos stelleri,0,0
koe3 2018 7 18,Hexagrammos1,0,0
koe3 2018 7 18,Hypomesus pretiosus,0,0
koe3 2018 7 18,Jordania zonope,0,0
koe3 2018 7 18,Lepidogobius lepidus,0,0
koe3 2018 7 18,Lepidopsetta1,0,0
koe3 2018 7 18,Leptocottus armatus,0,0
koe3 2018 7 18,Lumpenus sagitta,0,0
koe3 2018 7 18,Microgadus proximus,0,0
koe3 2018 7 18,Myoxocephalus1,0,0
koe3 2018 7 18,Odontopyxis trispinosa,0,0
koe3 2018 7 18,Oligocottus rimensis,0,0
koe3 2018 7 18,Oligocottus1,0,0
koe3 2018 7 18,Oncorhynchus kisutch,25,1
koe3 2018 7 18,Oncorhynchus tshawytscha,0,0
koe3 2018 7 18,Ophiodon elongatus,0,0
koe3 2018 7 18,Oxylebius pictus,0,0
koe3 2018 7 18,Pallasina barbata,0,0
koe3 2018 7 18,Pholis1,0,0
koe3 2018 7 18,Platichthys stellatus,2,1
koe3 2018 7 18,Pleuronectidae1,2,1
koe3 2018 7 18,Pleuronichthys coenosus,0,0
koe3 2018 7 18,Rhacochilus vacca,0,0
koe3 2018 7 18,Rhinogobiops nicholsii,0,0
koe3 2018 7 18,Rimicola muscarum,0,0
koe3 2018 7 18,Salvelinus malma,11,1
koe3 2018 7 18,Scorpaenichthys marmoratus,0,0
koe3 2018 7 18,Sebastes paucispinis,0,0
koe3 2018 7 18,Sebastes1,0,0
koe3 2018 7 18,Sebastes2,2,1
koe3 2018 7 18,Synchirus gilli,0,0
koe3 2018 7 18,Syngnathus leptorhynchus,0,0
koe3 2018 7 18,Trichodon trichodon,0,0
koe3 2019 8 4,Ammodytes1,10040,1
koe3 2019 8 4,Amphistichus rhodoterus,0,0
koe3 2019 8 4,Anoplarchus1,0,0
koe3 2019 8 4,Apodichthys flavidus,1,1
koe3 2019 8 4,Artedius1,1,1
koe3 2019 8 4,Ascelichthys rhodorus,0,0
koe3 2019 8 4,Aulorhynchus flavidus,1,1
koe3 2019 8 4,Blepsias cirrhosus,0,0
koe3 2019 8 4,Brachyistius frenatus,0,0
koe3 2019 8 4,Chitonotus pugetensis,0,0
koe3 2019 8 4,Citharichthys1,1,1
koe3 2019 8 4,Clinocottus acuticeps,0,0
koe3 2019 8 4,Clupea pallasii,1,1
koe3 2019 8 4,Cymatogaster aggregata,50,1
koe3 2019 8 4,Embiotoca lateralis,0,0
koe3 2019 8 4,Enophrys bison,1,1
koe3 2019 8 4,Gadus chalcogrammus,0,0
koe3 2019 8 4,Gadus macrocephalus,0,0
koe3 2019 8 4,Gasterosteus aculeatus,0,0
koe3 2019 8 4,Gibbonsia metzi,0,0
koe3 2019 8 4,Gobiesox maeandricus,0,0
koe3 2019 8 4,Hemilepidotus hemilepidotus,0,0
koe3 2019 8 4,Hexagrammos decagrammus,0,0
koe3 2019 8 4,Hexagrammos stelleri,0,0
koe3 2019 8 4,Hexagrammos1,0,0
koe3 2019 8 4,Hypomesus pretiosus,0,0
koe3 2019 8 4,Jordania zonope,0,0
koe3 2019 8 4,Lepidogobius lepidus,0,0
koe3 2019 8 4,Lepidopsetta1,0,0
koe3 2019 8 4,Leptocottus armatus,4,1
koe3 2019 8 4,Lumpenus sagitta,0,0
koe3 2019 8 4,Microgadus proximus,0,0
koe3 2019 8 4,Myoxocephalus1,0,0
koe3 2019 8 4,Odontopyxis trispinosa,0,0
koe3 2019 8 4,Oligocottus rimensis,0,0
koe3 2019 8 4,Oligocottus1,1,1
koe3 2019 8 4,Oncorhynchus kisutch,0,0
koe3 2019 8 4,Oncorhynchus tshawytscha,0,0
koe3 2019 8 4,Ophiodon elongatus,0,0
koe3 2019 8 4,Oxylebius pictus,0,0
koe3 2019 8 4,Pallasina barbata,0,0
koe3 2019 8 4,Pholis1,0,0
koe3 2019 8 4,Platichthys stellatus,2,1
koe3 2019 8 4,Pleuronectidae1,1,1
koe3 2019 8 4,Pleuronichthys coenosus,0,0
koe3 2019 8 4,Rhacochilus vacca,0,0
koe3 2019 8 4,Rhinogobiops nicholsii,0,0
koe3 2019 8 4,Rimicola muscarum,0,0
koe3 2019 8 4,Salvelinus malma,0,0
koe3 2019 8 4,Scorpaenichthys marmoratus,0,0
koe3 2019 8 4,Sebastes paucispinis,0,0
koe3 2019 8 4,Sebastes1,0,0
koe3 2019 8 4,Sebastes2,0,0
koe3 2019 8 4,Synchirus gilli,0,0
koe3 2019 8 4,Syngnathus leptorhynchus,3,1
koe3 2019 8 4,Trichodon trichodon,0,0
koe3 2020 7 23,Ammodytes1,15,1
koe3 2020 7 23,Amphistichus rhodoterus,0,0
koe3 2020 7 23,Anoplarchus1,0,0
koe3 2020 7 23,Apodichthys flavidus,1,1
koe3 2020 7 23,Artedius1,0,0
koe3 2020 7 23,Ascelichthys rhodorus,0,0
koe3 2020 7 23,Aulorhynchus flavidus,0,0
koe3 2020 7 23,Blepsias cirrhosus,9,1
koe3 2020 7 23,Brachyistius frenatus,0,0
koe3 2020 7 23,Chitonotus pugetensis,0,0
koe3 2020 7 23,Citharichthys1,0,0
koe3 2020 7 23,Clinocottus acuticeps,0,0
koe3 2020 7 23,Clupea pallasii,0,0
koe3 2020 7 23,Cymatogaster aggregata,367,1
koe3 2020 7 23,Embiotoca lateralis,0,0
koe3 2020 7 23,Enophrys bison,0,0
koe3 2020 7 23,Gadus chalcogrammus,0,0
koe3 2020 7 23,Gadus macrocephalus,0,0
koe3 2020 7 23,Gasterosteus aculeatus,0,0
koe3 2020 7 23,Gibbonsia metzi,0,0
koe3 2020 7 23,Gobiesox maeandricus,0,0
koe3 2020 7 23,Hemilepidotus hemilepidotus,0,0
koe3 2020 7 23,Hexagrammos decagrammus,0,0
koe3 2020 7 23,Hexagrammos stelleri,0,0
koe3 2020 7 23,Hexagrammos1,0,0
koe3 2020 7 23,Hypomesus pretiosus,0,0
koe3 2020 7 23,Jordania zonope,0,0
koe3 2020 7 23,Lepidogobius lepidus,0,0
koe3 2020 7 23,Lepidopsetta1,0,0
koe3 2020 7 23,Leptocottus armatus,0,0
koe3 2020 7 23,Lumpenus sagitta,0,0
koe3 2020 7 23,Microgadus proximus,0,0
koe3 2020 7 23,Myoxocephalus1,0,0
koe3 2020 7 23,Odontopyxis trispinosa,0,0
koe3 2020 7 23,Oligocottus rimensis,0,0
koe3 2020 7 23,Oligocottus1,0,0
koe3 2020 7 23,Oncorhynchus kisutch,0,0
koe3 2020 7 23,Oncorhynchus tshawytscha,0,0
koe3 2020 7 23,Ophiodon elongatus,0,0
koe3 2020 7 23,Oxylebius pictus,0,0
koe3 2020 7 23,Pallasina barbata,0,0
koe3 2020 7 23,Pholis1,0,0
koe3 2020 7 23,Platichthys stellatus,0,0
koe3 2020 7 23,Pleuronectidae1,0,0
koe3 2020 7 23,Pleuronichthys coenosus,0,0
koe3 2020 7 23,Rhacochilus vacca,0,0
koe3 2020 7 23,Rhinogobiops nicholsii,0,0
koe3 2020 7 23,Rimicola muscarum,0,0
koe3 2020 7 23,Salvelinus malma,0,0
koe3 2020 7 23,Scorpaenichthys marmoratus,0,0
koe3 2020 7 23,Sebastes paucispinis,0,0
koe3 2020 7 23,Sebastes1,0,0
koe3 2020 7 23,Sebastes2,0,0
koe3 2020 7 23,Synchirus gilli,0,0
koe3 2020 7 23,Syngnathus leptorhynchus,1,1
koe3 2020 7 23,Trichodon trichodon,0,0
pba 2018 7 10,Ammodytes1,0,0
pba 2018 7 10,Amphistichus rhodoterus,0,0
pba 2018 7 10,Anoplarchus1,0,0
pba 2018 7 10,Apodichthys flavidus,0,0
pba 2018 7 10,Artedius1,0,0
pba 2018 7 10,Ascelichthys rhodorus,0,0
pba 2018 7 10,Aulorhynchus flavidus,0,0
pba 2018 7 10,Blepsias cirrhosus,0,0
pba 2018 7 10,Brachyistius frenatus,0,0
pba 2018 7 10,Chitonotus pugetensis,0,0
pba 2018 7 10,Citharichthys1,20,1
pba 2018 7 10,Clinocottus acuticeps,0,0
pba 2018 7 10,Clupea pallasii,0,0
pba 2018 7 10,Cymatogaster aggregata,97,1
pba 2018 7 10,Embiotoca lateralis,1,1
pba 2018 7 10,Enophrys bison,2,1
pba 2018 7 10,Gadus chalcogrammus,0,0
pba 2018 7 10,Gadus macrocephalus,0,0
pba 2018 7 10,Gasterosteus aculeatus,137,1
pba 2018 7 10,Gibbonsia metzi,0,0
pba 2018 7 10,Gobiesox maeandricus,0,0
pba 2018 7 10,Hemilepidotus hemilepidotus,0,0
pba 2018 7 10,Hexagrammos decagrammus,0,0
pba 2018 7 10,Hexagrammos stelleri,1,1
pba 2018 7 10,Hexagrammos1,0,0
pba 2018 7 10,Hypomesus pretiosus,0,0
pba 2018 7 10,Jordania zonope,0,0
pba 2018 7 10,Lepidogobius lepidus,0,0
pba 2018 7 10,Lepidopsetta1,0,0
pba 2018 7 10,Leptocottus armatus,3,1
pba 2018 7 10,Lumpenus sagitta,3,1
pba 2018 7 10,Microgadus proximus,0,0
pba 2018 7 10,Myoxocephalus1,19,1
pba 2018 7 10,Odontopyxis trispinosa,0,0
pba 2018 7 10,Oligocottus rimensis,0,0
pba 2018 7 10,Oligocottus1,15,1
pba 2018 7 10,Oncorhynchus kisutch,0,0
pba 2018 7 10,Oncorhynchus tshawytscha,0,0
pba 2018 7 10,Ophiodon elongatus,2,1
pba 2018 7 10,Oxylebius pictus,0,0
pba 2018 7 10,Pallasina barbata,0,0
pba 2018 7 10,Pholis1,0,0
pba 2018 7 10,Platichthys stellatus,0,0
pba 2018 7 10,Pleuronectidae1,40,1
pba 2018 7 10,Pleuronichthys coenosus,0,0
pba 2018 7 10,Rhacochilus vacca,6,1
pba 2018 7 10,Rhinogobiops nicholsii,1,1
pba 2018 7 10,Rimicola muscarum,0,0
pba 2018 7 10,Salvelinus malma,0,0
pba 2018 7 10,Scorpaenichthys marmoratus,2,1
pba 2018 7 10,Sebastes paucispinis,0,0
pba 2018 7 10,Sebastes1,0,0
pba 2018 7 10,Sebastes2,0,0
pba 2018 7 10,Synchirus gilli,0,0
pba 2018 7 10,Syngnathus leptorhynchus,2,1
pba 2018 7 10,Trichodon trichodon,0,0
pba 2018 8 25,Ammodytes1,0,0
pba 2018 8 25,Amphistichus rhodoterus,0,0
pba 2018 8 25,Anoplarchus1,0,0
pba 2018 8 25,Apodichthys flavidus,0,0
pba 2018 8 25,Artedius1,0,0
pba 2018 8 25,Ascelichthys rhodorus,0,0
pba 2018 8 25,Aulorhynchus flavidus,4,1
pba 2018 8 25,Blepsias cirrhosus,0,0
pba 2018 8 25,Brachyistius frenatus,0,0
pba 2018 8 25,Chitonotus pugetensis,0,0
pba 2018 8 25,Citharichthys1,13,1
pba 2018 8 25,Clinocottus acuticeps,0,0
pba 2018 8 25,Clupea pallasii,0,0
pba 2018 8 25,Cymatogaster aggregata,9,1
pba 2018 8 25,Embiotoca lateralis,1,1
pba 2018 8 25,Enophrys bison,0,0
pba 2018 8 25,Gadus chalcogrammus,0,0
pba 2018 8 25,Gadus macrocephalus,0,0
pba 2018 8 25,Gasterosteus aculeatus,618,1
pba 2018 8 25,Gibbonsia metzi,0,0
pba 2018 8 25,Gobiesox maeandricus,0,0
pba 2018 8 25,Hemilepidotus hemilepidotus,1,1
pba 2018 8 25,Hexagrammos decagrammus,0,0
pba 2018 8 25,Hexagrammos stelleri,0,0
pba 2018 8 25,Hexagrammos1,0,0
pba 2018 8 25,Hypomesus pretiosus,0,0
pba 2018 8 25,Jordania zonope,0,0
pba 2018 8 25,Lepidogobius lepidus,0,0
pba 2018 8 25,Lepidopsetta1,0,0
pba 2018 8 25,Leptocottus armatus,11,1
pba 2018 8 25,Lumpenus sagitta,0,0
pba 2018 8 25,Microgadus proximus,0,0
pba 2018 8 25,Myoxocephalus1,4,1
pba 2018 8 25,Odontopyxis trispinosa,0,0
pba 2018 8 25,Oligocottus rimensis,0,0
pba 2018 8 25,Oligocottus1,17,1
pba 2018 8 25,Oncorhynchus kisutch,0,0
pba 2018 8 25,Oncorhynchus tshawytscha,0,0
pba 2018 8 25,Ophiodon elongatus,0,0
pba 2018 8 25,Oxylebius pictus,0,0
pba 2018 8 25,Pallasina barbata,0,0
pba 2018 8 25,Pholis1,1,1
pba 2018 8 25,Platichthys stellatus,0,0
pba 2018 8 25,Pleuronectidae1,17,1
pba 2018 8 25,Pleuronichthys coenosus,0,0
pba 2018 8 25,Rhacochilus vacca,0,0
pba 2018 8 25,Rhinogobiops nicholsii,0,0
pba 2018 8 25,Rimicola muscarum,0,0
pba 2018 8 25,Salvelinus malma,0,0
pba 2018 8 25,Scorpaenichthys marmoratus,0,0
pba 2018 8 25,Sebastes paucispinis,0,0
pba 2018 8 25,Sebastes1,0,0
pba 2018 8 25,Sebastes2,0,0
pba 2018 8 25,Synchirus gilli,0,0
pba 2018 8 25,Syngnathus leptorhynchus,13,1
pba 2018 8 25,Trichodon trichodon,0,0
pba 2019 7 31,Ammodytes1,0,0
pba 2019 7 31,Amphistichus rhodoterus,0,0
pba 2019 7 31,Anoplarchus1,0,0
pba 2019 7 31,Apodichthys flavidus,0,0
pba 2019 7 31,Artedius1,2,1
pba 2019 7 31,Ascelichthys rhodorus,0,0
pba 2019 7 31,Aulorhynchus flavidus,6,1
pba 2019 7 31,Blepsias cirrhosus,0,0
pba 2019 7 31,Brachyistius frenatus,2,1
pba 2019 7 31,Chitonotus pugetensis,0,0
pba 2019 7 31,Citharichthys1,0,0
pba 2019 7 31,Clinocottus acuticeps,0,0
pba 2019 7 31,Clupea pallasii,0,0
pba 2019 7 31,Cymatogaster aggregata,511,1
pba 2019 7 31,Embiotoca lateralis,10,1
pba 2019 7 31,Enophrys bison,0,0
pba 2019 7 31,Gadus chalcogrammus,0,0
pba 2019 7 31,Gadus macrocephalus,0,0
pba 2019 7 31,Gasterosteus aculeatus,4624,1
pba 2019 7 31,Gibbonsia metzi,0,0
pba 2019 7 31,Gobiesox maeandricus,0,0
pba 2019 7 31,Hemilepidotus hemilepidotus,0,0
pba 2019 7 31,Hexagrammos decagrammus,2,1
pba 2019 7 31,Hexagrammos stelleri,0,0
pba 2019 7 31,Hexagrammos1,0,0
pba 2019 7 31,Hypomesus pretiosus,0,0
pba 2019 7 31,Jordania zonope,0,0
pba 2019 7 31,Lepidogobius lepidus,0,0
pba 2019 7 31,Lepidopsetta1,0,0
pba 2019 7 31,Leptocottus armatus,12,1
pba 2019 7 31,Lumpenus sagitta,0,0
pba 2019 7 31,Microgadus proximus,1,1
pba 2019 7 31,Myoxocephalus1,0,0
pba 2019 7 31,Odontopyxis trispinosa,0,0
pba 2019 7 31,Oligocottus rimensis,0,0
pba 2019 7 31,Oligocottus1,3,1
pba 2019 7 31,Oncorhynchus kisutch,0,0
pba 2019 7 31,Oncorhynchus tshawytscha,0,0
pba 2019 7 31,Ophiodon elongatus,0,0
pba 2019 7 31,Oxylebius pictus,0,0
pba 2019 7 31,Pallasina barbata,0,0
pba 2019 7 31,Pholis1,6,1
pba 2019 7 31,Platichthys stellatus,1,1
pba 2019 7 31,Pleuronectidae1,0,0
pba 2019 7 31,Pleuronichthys coenosus,0,0
pba 2019 7 31,Rhacochilus vacca,0,0
pba 2019 7 31,Rhinogobiops nicholsii,0,0
pba 2019 7 31,Rimicola muscarum,0,0
pba 2019 7 31,Salvelinus malma,0,0
pba 2019 7 31,Scorpaenichthys marmoratus,1,1
pba 2019 7 31,Sebastes paucispinis,0,0
pba 2019 7 31,Sebastes1,0,0
pba 2019 7 31,Sebastes2,0,0
pba 2019 7 31,Synchirus gilli,0,0
pba 2019 7 31,Syngnathus leptorhynchus,88,1
pba 2019 7 31,Trichodon trichodon,0,0
pba 2020 7 21,Ammodytes1,0,0
pba 2020 7 21,Amphistichus rhodoterus,0,0
pba 2020 7 21,Anoplarchus1,0,0
pba 2020 7 21,Apodichthys flavidus,0,0
pba 2020 7 21,Artedius1,4,1
pba 2020 7 21,Ascelichthys rhodorus,0,0
pba 2020 7 21,Aulorhynchus flavidus,0,0
pba 2020 7 21,Blepsias cirrhosus,0,0
pba 2020 7 21,Brachyistius frenatus,3,1
pba 2020 7 21,Chitonotus pugetensis,0,0
pba 2020 7 21,Citharichthys1,7,1
pba 2020 7 21,Clinocottus acuticeps,0,0
pba 2020 7 21,Clupea pallasii,0,0
pba 2020 7 21,Cymatogaster aggregata,356,1
pba 2020 7 21,Embiotoca lateralis,3,1
pba 2020 7 21,Enophrys bison,0,0
pba 2020 7 21,Gadus chalcogrammus,0,0
pba 2020 7 21,Gadus macrocephalus,0,0
pba 2020 7 21,Gasterosteus aculeatus,72,1
pba 2020 7 21,Gibbonsia metzi,0,0
pba 2020 7 21,Gobiesox maeandricus,0,0
pba 2020 7 21,Hemilepidotus hemilepidotus,0,0
pba 2020 7 21,Hexagrammos decagrammus,0,0
pba 2020 7 21,Hexagrammos stelleri,0,0
pba 2020 7 21,Hexagrammos1,0,0
pba 2020 7 21,Hypomesus pretiosus,0,0
pba 2020 7 21,Jordania zonope,0,0
pba 2020 7 21,Lepidogobius lepidus,0,0
pba 2020 7 21,Lepidopsetta1,0,0
pba 2020 7 21,Leptocottus armatus,3,1
pba 2020 7 21,Lumpenus sagitta,0,0
pba 2020 7 21,Microgadus proximus,0,0
pba 2020 7 21,Myoxocephalus1,0,0
pba 2020 7 21,Odontopyxis trispinosa,0,0
pba 2020 7 21,Oligocottus rimensis,0,0
pba 2020 7 21,Oligocottus1,4,1
pba 2020 7 21,Oncorhynchus kisutch,0,0
pba 2020 7 21,Oncorhynchus tshawytscha,0,0
pba 2020 7 21,Ophiodon elongatus,14,1
pba 2020 7 21,Oxylebius pictus,0,0
pba 2020 7 21,Pallasina barbata,0,0
pba 2020 7 21,Pholis1,2,1
pba 2020 7 21,Platichthys stellatus,1,1
pba 2020 7 21,Pleuronectidae1,1,1
pba 2020 7 21,Pleuronichthys coenosus,0,0
pba 2020 7 21,Rhacochilus vacca,0,0
pba 2020 7 21,Rhinogobiops nicholsii,0,0
pba 2020 7 21,Rimicola muscarum,0,0
pba 2020 7 21,Salvelinus malma,0,0
pba 2020 7 21,Scorpaenichthys marmoratus,0,0
pba 2020 7 21,Sebastes paucispinis,0,0
pba 2020 7 21,Sebastes1,0,0
pba 2020 7 21,Sebastes2,0,0
pba 2020 7 21,Synchirus gilli,0,0
pba 2020 7 21,Syngnathus leptorhynchus,14,1
pba 2020 7 21,Trichodon trichodon,0,0
ppo 2018 7 11,Ammodytes1,0,0
ppo 2018 7 11,Amphistichus rhodoterus,0,0
ppo 2018 7 11,Anoplarchus1,0,0
ppo 2018 7 11,Apodichthys flavidus,1,1
ppo 2018 7 11,Artedius1,0,0
ppo 2018 7 11,Ascelichthys rhodorus,0,0
ppo 2018 7 11,Aulorhynchus flavidus,1,1
ppo 2018 7 11,Blepsias cirrhosus,72,1
ppo 2018 7 11,Brachyistius frenatus,0,0
ppo 2018 7 11,Chitonotus pugetensis,3,1
ppo 2018 7 11,Citharichthys1,4,1
ppo 2018 7 11,Clinocottus acuticeps,0,0
ppo 2018 7 11,Clupea pallasii,6,1
ppo 2018 7 11,Cymatogaster aggregata,55,1
ppo 2018 7 11,Embiotoca lateralis,0,0
ppo 2018 7 11,Enophrys bison,2,1
ppo 2018 7 11,Gadus chalcogrammus,0,0
ppo 2018 7 11,Gadus macrocephalus,0,0
ppo 2018 7 11,Gasterosteus aculeatus,1,1
ppo 2018 7 11,Gibbonsia metzi,0,0
ppo 2018 7 11,Gobiesox maeandricus,0,0
ppo 2018 7 11,Hemilepidotus hemilepidotus,5,1
ppo 2018 7 11,Hexagrammos decagrammus,0,0
ppo 2018 7 11,Hexagrammos stelleri,0,0
ppo 2018 7 11,Hexagrammos1,0,0
ppo 2018 7 11,Hypomesus pretiosus,0,0
ppo 2018 7 11,Jordania zonope,0,0
ppo 2018 7 11,Lepidogobius lepidus,0,0
ppo 2018 7 11,Lepidopsetta1,0,0
ppo 2018 7 11,Leptocottus armatus,0,0
ppo 2018 7 11,Lumpenus sagitta,0,0
ppo 2018 7 11,Microgadus proximus,0,0
ppo 2018 7 11,Myoxocephalus1,4,1
ppo 2018 7 11,Odontopyxis trispinosa,1,1
ppo 2018 7 11,Oligocottus rimensis,0,0
ppo 2018 7 11,Oligocottus1,44,1
ppo 2018 7 11,Oncorhynchus kisutch,0,0
ppo 2018 7 11,Oncorhynchus tshawytscha,0,0
ppo 2018 7 11,Ophiodon elongatus,124,1
ppo 2018 7 11,Oxylebius pictus,0,0
ppo 2018 7 11,Pallasina barbata,0,0
ppo 2018 7 11,Pholis1,0,0
ppo 2018 7 11,Platichthys stellatus,0,0
ppo 2018 7 11,Pleuronectidae1,16,1
ppo 2018 7 11,Pleuronichthys coenosus,0,0
ppo 2018 7 11,Rhacochilus vacca,0,0
ppo 2018 7 11,Rhinogobiops nicholsii,3,1
ppo 2018 7 11,Rimicola muscarum,0,0
ppo 2018 7 11,Salvelinus malma,0,0
ppo 2018 7 11,Scorpaenichthys marmoratus,0,0
ppo 2018 7 11,Sebastes paucispinis,0,0
ppo 2018 7 11,Sebastes1,0,0
ppo 2018 7 11,Sebastes2,1,1
ppo 2018 7 11,Synchirus gilli,0,0
ppo 2018 7 11,Syngnathus leptorhynchus,30,1
ppo 2018 7 11,Trichodon trichodon,0,0
ppo 2018 8 23,Ammodytes1,6,1
ppo 2018 8 23,Amphistichus rhodoterus,0,0
ppo 2018 8 23,Anoplarchus1,0,0
ppo 2018 8 23,Apodichthys flavidus,0,0
ppo 2018 8 23,Artedius1,0,0
ppo 2018 8 23,Ascelichthys rhodorus,0,0
ppo 2018 8 23,Aulorhynchus flavidus,1,1
ppo 2018 8 23,Blepsias cirrhosus,2,1
ppo 2018 8 23,Brachyistius frenatus,0,0
ppo 2018 8 23,Chitonotus pugetensis,2,1
ppo 2018 8 23,Citharichthys1,1,1
ppo 2018 8 23,Clinocottus acuticeps,0,0
ppo 2018 8 23,Clupea pallasii,0,0
ppo 2018 8 23,Cymatogaster aggregata,186,1
ppo 2018 8 23,Embiotoca lateralis,1,1
ppo 2018 8 23,Enophrys bison,2,1
ppo 2018 8 23,Gadus chalcogrammus,0,0
ppo 2018 8 23,Gadus macrocephalus,0,0
ppo 2018 8 23,Gasterosteus aculeatus,0,0
ppo 2018 8 23,Gibbonsia metzi,0,0
ppo 2018 8 23,Gobiesox maeandricus,0,0
ppo 2018 8 23,Hemilepidotus hemilepidotus,0,0
ppo 2018 8 23,Hexagrammos decagrammus,0,0
ppo 2018 8 23,Hexagrammos stelleri,0,0
ppo 2018 8 23,Hexagrammos1,0,0
ppo 2018 8 23,Hypomesus pretiosus,0,0
ppo 2018 8 23,Jordania zonope,0,0
ppo 2018 8 23,Lepidogobius lepidus,0,0
ppo 2018 8 23,Lepidopsetta1,0,0
ppo 2018 8 23,Leptocottus armatus,0,0
ppo 2018 8 23,Lumpenus sagitta,0,0
ppo 2018 8 23,Microgadus proximus,0,0
ppo 2018 8 23,Myoxocephalus1,1,1
ppo 2018 8 23,Odontopyxis trispinosa,0,0
ppo 2018 8 23,Oligocottus rimensis,0,0
ppo 2018 8 23,Oligocottus1,88,1
ppo 2018 8 23,Oncorhynchus kisutch,0,0
ppo 2018 8 23,Oncorhynchus tshawytscha,0,0
ppo 2018 8 23,Ophiodon elongatus,0,0
ppo 2018 8 23,Oxylebius pictus,0,0
ppo 2018 8 23,Pallasina barbata,0,0
ppo 2018 8 23,Pholis1,0,0
ppo 2018 8 23,Platichthys stellatus,0,0
ppo 2018 8 23,Pleuronectidae1,1,1
ppo 2018 8 23,Pleuronichthys coenosus,0,0
ppo 2018 8 23,Rhacochilus vacca,2,1
ppo 2018 8 23,Rhinogobiops nicholsii,0,0
ppo 2018 8 23,Rimicola muscarum,0,0
ppo 2018 8 23,Salvelinus malma,0,0
ppo 2018 8 23,Scorpaenichthys marmoratus,0,0
ppo 2018 8 23,Sebastes paucispinis,0,0
ppo 2018 8 23,Sebastes1,0,0
ppo 2018 8 23,Sebastes2,105,1
ppo 2018 8 23,Synchirus gilli,0,0
ppo 2018 8 23,Syngnathus leptorhynchus,9,1
ppo 2018 8 23,Trichodon trichodon,0,0
ppo 2019 7 31,Ammodytes1,0,0
ppo 2019 7 31,Amphistichus rhodoterus,0,0
ppo 2019 7 31,Anoplarchus1,1,1
ppo 2019 7 31,Apodichthys flavidus,1,1
ppo 2019 7 31,Artedius1,7,1
ppo 2019 7 31,Ascelichthys rhodorus,0,0
ppo 2019 7 31,Aulorhynchus flavidus,0,0
ppo 2019 7 31,Blepsias cirrhosus,0,0
ppo 2019 7 31,Brachyistius frenatus,4,1
ppo 2019 7 31,Chitonotus pugetensis,0,0
ppo 2019 7 31,Citharichthys1,1,1
ppo 2019 7 31,Clinocottus acuticeps,0,0
ppo 2019 7 31,Clupea pallasii,0,0
ppo 2019 7 31,Cymatogaster aggregata,283,1
ppo 2019 7 31,Embiotoca lateralis,1,1
ppo 2019 7 31,Enophrys bison,3,1
ppo 2019 7 31,Gadus chalcogrammus,0,0
ppo 2019 7 31,Gadus macrocephalus,0,0
ppo 2019 7 31,Gasterosteus aculeatus,3,1
ppo 2019 7 31,Gibbonsia metzi,0,0
ppo 2019 7 31,Gobiesox maeandricus,0,0
ppo 2019 7 31,Hemilepidotus hemilepidotus,0,0
ppo 2019 7 31,Hexagrammos decagrammus,0,0
ppo 2019 7 31,Hexagrammos stelleri,0,0
ppo 2019 7 31,Hexagrammos1,0,0
ppo 2019 7 31,Hypomesus pretiosus,0,0
ppo 2019 7 31,Jordania zonope,0,0
ppo 2019 7 31,Lepidogobius lepidus,0,0
ppo 2019 7 31,Lepidopsetta1,0,0
ppo 2019 7 31,Leptocottus armatus,2,1
ppo 2019 7 31,Lumpenus sagitta,0,0
ppo 2019 7 31,Microgadus proximus,0,0
ppo 2019 7 31,Myoxocephalus1,1,1
ppo 2019 7 31,Odontopyxis trispinosa,0,0
ppo 2019 7 31,Oligocottus rimensis,0,0
ppo 2019 7 31,Oligocottus1,281,1
ppo 2019 7 31,Oncorhynchus kisutch,0,0
ppo 2019 7 31,Oncorhynchus tshawytscha,0,0
ppo 2019 7 31,Ophiodon elongatus,1,1
ppo 2019 7 31,Oxylebius pictus,0,0
ppo 2019 7 31,Pallasina barbata,0,0
ppo 2019 7 31,Pholis1,8,1
ppo 2019 7 31,Platichthys stellatus,0,0
ppo 2019 7 31,Pleuronectidae1,0,0
ppo 2019 7 31,Pleuronichthys coenosus,0,0
ppo 2019 7 31,Rhacochilus vacca,0,0
ppo 2019 7 31,Rhinogobiops nicholsii,1,1
ppo 2019 7 31,Rimicola muscarum,0,0
ppo 2019 7 31,Salvelinus malma,0,0
ppo 2019 7 31,Scorpaenichthys marmoratus,1,1
ppo 2019 7 31,Sebastes paucispinis,0,0
ppo 2019 7 31,Sebastes1,0,0
ppo 2019 7 31,Sebastes2,0,0
ppo 2019 7 31,Synchirus gilli,0,0
ppo 2019 7 31,Syngnathus leptorhynchus,19,1
ppo 2019 7 31,Trichodon trichodon,0,0
ppo 2020 7 21,Ammodytes1,0,0
ppo 2020 7 21,Amphistichus rhodoterus,0,0
ppo 2020 7 21,Anoplarchus1,0,0
ppo 2020 7 21,Apodichthys flavidus,0,0
ppo 2020 7 21,Artedius1,12,1
ppo 2020 7 21,Ascelichthys rhodorus,0,0
ppo 2020 7 21,Aulorhynchus flavidus,1,1
ppo 2020 7 21,Blepsias cirrhosus,0,0
ppo 2020 7 21,Brachyistius frenatus,0,0
ppo 2020 7 21,Chitonotus pugetensis,1,1
ppo 2020 7 21,Citharichthys1,0,0
ppo 2020 7 21,Clinocottus acuticeps,0,0
ppo 2020 7 21,Clupea pallasii,0,0
ppo 2020 7 21,Cymatogaster aggregata,624,1
ppo 2020 7 21,Embiotoca lateralis,0,0
ppo 2020 7 21,Enophrys bison,0,0
ppo 2020 7 21,Gadus chalcogrammus,0,0
ppo 2020 7 21,Gadus macrocephalus,0,0
ppo 2020 7 21,Gasterosteus aculeatus,170,1
ppo 2020 7 21,Gibbonsia metzi,0,0
ppo 2020 7 21,Gobiesox maeandricus,0,0
ppo 2020 7 21,Hemilepidotus hemilepidotus,0,0
ppo 2020 7 21,Hexagrammos decagrammus,0,0
ppo 2020 7 21,Hexagrammos stelleri,0,0
ppo 2020 7 21,Hexagrammos1,0,0
ppo 2020 7 21,Hypomesus pretiosus,0,0
ppo 2020 7 21,Jordania zonope,0,0
ppo 2020 7 21,Lepidogobius lepidus,0,0
ppo 2020 7 21,Lepidopsetta1,0,0
ppo 2020 7 21,Leptocottus armatus,3,1
ppo 2020 7 21,Lumpenus sagitta,0,0
ppo 2020 7 21,Microgadus proximus,0,0
ppo 2020 7 21,Myoxocephalus1,0,0
ppo 2020 7 21,Odontopyxis trispinosa,0,0
ppo 2020 7 21,Oligocottus rimensis,0,0
ppo 2020 7 21,Oligocottus1,47,1
ppo 2020 7 21,Oncorhynchus kisutch,0,0
ppo 2020 7 21,Oncorhynchus tshawytscha,0,0
ppo 2020 7 21,Ophiodon elongatus,6,1
ppo 2020 7 21,Oxylebius pictus,0,0
ppo 2020 7 21,Pallasina barbata,0,0
ppo 2020 7 21,Pholis1,1,1
ppo 2020 7 21,Platichthys stellatus,0,0
ppo 2020 7 21,Pleuronectidae1,5,1
ppo 2020 7 21,Pleuronichthys coenosus,0,0
ppo 2020 7 21,Rhacochilus vacca,0,0
ppo 2020 7 21,Rhinogobiops nicholsii,1,1
ppo 2020 7 21,Rimicola muscarum,0,0
ppo 2020 7 21,Salvelinus malma,0,0
ppo 2020 7 21,Scorpaenichthys marmoratus,0,0
ppo 2020 7 21,Sebastes paucispinis,0,0
ppo 2020 7 21,Sebastes1,0,0
ppo 2020 7 21,Sebastes2,0,0
ppo 2020 7 21,Synchirus gilli,0,0
ppo 2020 7 21,Syngnathus leptorhynchus,45,1
ppo 2020 7 21,Trichodon trichodon,0,0
sni1 2018 7 16,Ammodytes1,0,0
sni1 2018 7 16,Amphistichus rhodoterus,0,0
sni1 2018 7 16,Anoplarchus1,1,1
sni1 2018 7 16,Apodichthys flavidus,0,0
sni1 2018 7 16,Artedius1,0,0
sni1 2018 7 16,Ascelichthys rhodorus,0,0
sni1 2018 7 16,Aulorhynchus flavidus,10,1
sni1 2018 7 16,Blepsias cirrhosus,0,0
sni1 2018 7 16,Brachyistius frenatus,0,0
sni1 2018 7 16,Chitonotus pugetensis,0,0
sni1 2018 7 16,Citharichthys1,10,1
sni1 2018 7 16,Clinocottus acuticeps,0,0
sni1 2018 7 16,Clupea pallasii,117,1
sni1 2018 7 16,Cymatogaster aggregata,0,0
sni1 2018 7 16,Embiotoca lateralis,0,0
sni1 2018 7 16,Enophrys bison,0,0
sni1 2018 7 16,Gadus chalcogrammus,0,0
sni1 2018 7 16,Gadus macrocephalus,0,0
sni1 2018 7 16,Gasterosteus aculeatus,0,0
sni1 2018 7 16,Gibbonsia metzi,0,0
sni1 2018 7 16,Gobiesox maeandricus,0,0
sni1 2018 7 16,Hemilepidotus hemilepidotus,0,0
sni1 2018 7 16,Hexagrammos decagrammus,0,0
sni1 2018 7 16,Hexagrammos stelleri,0,0
sni1 2018 7 16,Hexagrammos1,0,0
sni1 2018 7 16,Hypomesus pretiosus,0,0
sni1 2018 7 16,Jordania zonope,0,0
sni1 2018 7 16,Lepidogobius lepidus,0,0
sni1 2018 7 16,Lepidopsetta1,0,0
sni1 2018 7 16,Leptocottus armatus,0,0
sni1 2018 7 16,Lumpenus sagitta,17,1
sni1 2018 7 16,Microgadus proximus,0,0
sni1 2018 7 16,Myoxocephalus1,15,1
sni1 2018 7 16,Odontopyxis trispinosa,0,0
sni1 2018 7 16,Oligocottus rimensis,0,0
sni1 2018 7 16,Oligocottus1,88,1
sni1 2018 7 16,Oncorhynchus kisutch,0,0
sni1 2018 7 16,Oncorhynchus tshawytscha,4,1
sni1 2018 7 16,Ophiodon elongatus,3,1
sni1 2018 7 16,Oxylebius pictus,0,0
sni1 2018 7 16,Pallasina barbata,0,0
sni1 2018 7 16,Pholis1,37,1
sni1 2018 7 16,Platichthys stellatus,0,0
sni1 2018 7 16,Pleuronectidae1,0,0
sni1 2018 7 16,Pleuronichthys coenosus,0,0
sni1 2018 7 16,Rhacochilus vacca,0,0
sni1 2018 7 16,Rhinogobiops nicholsii,0,0
sni1 2018 7 16,Rimicola muscarum,0,0
sni1 2018 7 16,Salvelinus malma,0,0
sni1 2018 7 16,Scorpaenichthys marmoratus,0,0
sni1 2018 7 16,Sebastes paucispinis,0,0
sni1 2018 7 16,Sebastes1,0,0
sni1 2018 7 16,Sebastes2,0,0
sni1 2018 7 16,Synchirus gilli,0,0
sni1 2018 7 16,Syngnathus leptorhynchus,27,1
sni1 2018 7 16,Trichodon trichodon,0,0
sni2 2018 7 16,Ammodytes1,7,1
sni2 2018 7 16,Amphistichus rhodoterus,0,0
sni2 2018 7 16,Anoplarchus1,0,0
sni2 2018 7 16,Apodichthys flavidus,0,0
sni2 2018 7 16,Artedius1,0,0
sni2 2018 7 16,Ascelichthys rhodorus,0,0
sni2 2018 7 16,Aulorhynchus flavidus,0,0
sni2 2018 7 16,Blepsias cirrhosus,0,0
sni2 2018 7 16,Brachyistius frenatus,0,0
sni2 2018 7 16,Chitonotus pugetensis,0,0
sni2 2018 7 16,Citharichthys1,7,1
sni2 2018 7 16,Clinocottus acuticeps,0,0
sni2 2018 7 16,Clupea pallasii,183,1
sni2 2018 7 16,Cymatogaster aggregata,0,0
sni2 2018 7 16,Embiotoca lateralis,0,0
sni2 2018 7 16,Enophrys bison,1,1
sni2 2018 7 16,Gadus chalcogrammus,0,0
sni2 2018 7 16,Gadus macrocephalus,0,0
sni2 2018 7 16,Gasterosteus aculeatus,0,0
sni2 2018 7 16,Gibbonsia metzi,0,0
sni2 2018 7 16,Gobiesox maeandricus,1,1
sni2 2018 7 16,Hemilepidotus hemilepidotus,0,0
sni2 2018 7 16,Hexagrammos decagrammus,4,1
sni2 2018 7 16,Hexagrammos stelleri,0,0
sni2 2018 7 16,Hexagrammos1,0,0
sni2 2018 7 16,Hypomesus pretiosus,0,0
sni2 2018 7 16,Jordania zonope,0,0
sni2 2018 7 16,Lepidogobius lepidus,0,0
sni2 2018 7 16,Lepidopsetta1,0,0
sni2 2018 7 16,Leptocottus armatus,0,0
sni2 2018 7 16,Lumpenus sagitta,0,0
sni2 2018 7 16,Microgadus proximus,0,0
sni2 2018 7 16,Myoxocephalus1,14,1
sni2 2018 7 16,Odontopyxis trispinosa,0,0
sni2 2018 7 16,Oligocottus rimensis,0,0
sni2 2018 7 16,Oligocottus1,4,1
sni2 2018 7 16,Oncorhynchus kisutch,0,0
sni2 2018 7 16,Oncorhynchus tshawytscha,0,0
sni2 2018 7 16,Ophiodon elongatus,0,0
sni2 2018 7 16,Oxylebius pictus,0,0
sni2 2018 7 16,Pallasina barbata,0,0
sni2 2018 7 16,Pholis1,9,1
sni2 2018 7 16,Platichthys stellatus,0,0
sni2 2018 7 16,Pleuronectidae1,25,1
sni2 2018 7 16,Pleuronichthys coenosus,0,0
sni2 2018 7 16,Rhacochilus vacca,0,0
sni2 2018 7 16,Rhinogobiops nicholsii,4,1
sni2 2018 7 16,Rimicola muscarum,0,0
sni2 2018 7 16,Salvelinus malma,0,0
sni2 2018 7 16,Scorpaenichthys marmoratus,1,1
sni2 2018 7 16,Sebastes paucispinis,0,0
sni2 2018 7 16,Sebastes1,0,0
sni2 2018 7 16,Sebastes2,0,0
sni2 2018 7 16,Synchirus gilli,0,0
sni2 2018 7 16,Syngnathus leptorhynchus,0,0
sni2 2018 7 16,Trichodon trichodon,0,0
ssp 2018 7 12,Ammodytes1,1,1
ssp 2018 7 12,Amphistichus rhodoterus,0,0
ssp 2018 7 12,Anoplarchus1,0,0
ssp 2018 7 12,Apodichthys flavidus,5,1
ssp 2018 7 12,Artedius1,0,0
ssp 2018 7 12,Ascelichthys rhodorus,0,0
ssp 2018 7 12,Aulorhynchus flavidus,5,1
ssp 2018 7 12,Blepsias cirrhosus,12,1
ssp 2018 7 12,Brachyistius frenatus,0,0
ssp 2018 7 12,Chitonotus pugetensis,0,0
ssp 2018 7 12,Citharichthys1,207,1
ssp 2018 7 12,Clinocottus acuticeps,0,0
ssp 2018 7 12,Clupea pallasii,1,1
ssp 2018 7 12,Cymatogaster aggregata,12,1
ssp 2018 7 12,Embiotoca lateralis,0,0
ssp 2018 7 12,Enophrys bison,0,0
ssp 2018 7 12,Gadus chalcogrammus,0,0
ssp 2018 7 12,Gadus macrocephalus,0,0
ssp 2018 7 12,Gasterosteus aculeatus,0,0
ssp 2018 7 12,Gibbonsia metzi,0,0
ssp 2018 7 12,Gobiesox maeandricus,0,0
ssp 2018 7 12,Hemilepidotus hemilepidotus,1,1
ssp 2018 7 12,Hexagrammos decagrammus,12,1
ssp 2018 7 12,Hexagrammos stelleri,0,0
ssp 2018 7 12,Hexagrammos1,2,1
ssp 2018 7 12,Hypomesus pretiosus,0,0
ssp 2018 7 12,Jordania zonope,0,0
ssp 2018 7 12,Lepidogobius lepidus,0,0
ssp 2018 7 12,Lepidopsetta1,0,0
ssp 2018 7 12,Leptocottus armatus,0,0
ssp 2018 7 12,Lumpenus sagitta,0,0
ssp 2018 7 12,Microgadus proximus,0,0
ssp 2018 7 12,Myoxocephalus1,0,0
ssp 2018 7 12,Odontopyxis trispinosa,0,0
ssp 2018 7 12,Oligocottus rimensis,0,0
ssp 2018 7 12,Oligocottus1,0,0
ssp 2018 7 12,Oncorhynchus kisutch,0,0
ssp 2018 7 12,Oncorhynchus tshawytscha,0,0
ssp 2018 7 12,Ophiodon elongatus,3,1
ssp 2018 7 12,Oxylebius pictus,0,0
ssp 2018 7 12,Pallasina barbata,0,0
ssp 2018 7 12,Pholis1,1,1
ssp 2018 7 12,Platichthys stellatus,1,1
ssp 2018 7 12,Pleuronectidae1,311,1
ssp 2018 7 12,Pleuronichthys coenosus,1,1
ssp 2018 7 12,Rhacochilus vacca,0,0
ssp 2018 7 12,Rhinogobiops nicholsii,0,0
ssp 2018 7 12,Rimicola muscarum,0,0
ssp 2018 7 12,Salvelinus malma,0,0
ssp 2018 7 12,Scorpaenichthys marmoratus,0,0
ssp 2018 7 12,Sebastes paucispinis,0,0
ssp 2018 7 12,Sebastes1,9,1
ssp 2018 7 12,Sebastes2,0,0
ssp 2018 7 12,Synchirus gilli,0,0
ssp 2018 7 12,Syngnathus leptorhynchus,2,1
ssp 2018 7 12,Trichodon trichodon,0,0
ssp 2018 8 24,Ammodytes1,72,1
ssp 2018 8 24,Amphistichus rhodoterus,0,0
ssp 2018 8 24,Anoplarchus1,0,0
ssp 2018 8 24,Apodichthys flavidus,0,0
ssp 2018 8 24,Artedius1,0,0
ssp 2018 8 24,Ascelichthys rhodorus,0,0
ssp 2018 8 24,Aulorhynchus flavidus,0,0
ssp 2018 8 24,Blepsias cirrhosus,0,0
ssp 2018 8 24,Brachyistius frenatus,0,0
ssp 2018 8 24,Chitonotus pugetensis,0,0
ssp 2018 8 24,Citharichthys1,41,1
ssp 2018 8 24,Clinocottus acuticeps,0,0
ssp 2018 8 24,Clupea pallasii,9,1
ssp 2018 8 24,Cymatogaster aggregata,0,0
ssp 2018 8 24,Embiotoca lateralis,2,1
ssp 2018 8 24,Enophrys bison,0,0
ssp 2018 8 24,Gadus chalcogrammus,0,0
ssp 2018 8 24,Gadus macrocephalus,0,0
ssp 2018 8 24,Gasterosteus aculeatus,1,1
ssp 2018 8 24,Gibbonsia metzi,0,0
ssp 2018 8 24,Gobiesox maeandricus,0,0
ssp 2018 8 24,Hemilepidotus hemilepidotus,0,0
ssp 2018 8 24,Hexagrammos decagrammus,0,0
ssp 2018 8 24,Hexagrammos stelleri,2,1
ssp 2018 8 24,Hexagrammos1,0,0
ssp 2018 8 24,Hypomesus pretiosus,0,0
ssp 2018 8 24,Jordania zonope,0,0
ssp 2018 8 24,Lepidogobius lepidus,0,0
ssp 2018 8 24,Lepidopsetta1,0,0
ssp 2018 8 24,Leptocottus armatus,2,1
ssp 2018 8 24,Lumpenus sagitta,0,0
ssp 2018 8 24,Microgadus proximus,0,0
ssp 2018 8 24,Myoxocephalus1,0,0
ssp 2018 8 24,Odontopyxis trispinosa,0,0
ssp 2018 8 24,Oligocottus rimensis,1,1
ssp 2018 8 24,Oligocottus1,0,0
ssp 2018 8 24,Oncorhynchus kisutch,0,0
ssp 2018 8 24,Oncorhynchus tshawytscha,0,0
ssp 2018 8 24,Ophiodon elongatus,0,0
ssp 2018 8 24,Oxylebius pictus,0,0
ssp 2018 8 24,Pallasina barbata,0,0
ssp 2018 8 24,Pholis1,0,0
ssp 2018 8 24,Platichthys stellatus,0,0
ssp 2018 8 24,Pleuronectidae1,134,1
ssp 2018 8 24,Pleuronichthys coenosus,0,0
ssp 2018 8 24,Rhacochilus vacca,0,0
ssp 2018 8 24,Rhinogobiops nicholsii,0,0
ssp 2018 8 24,Rimicola muscarum,0,0
ssp 2018 8 24,Salvelinus malma,0,0
ssp 2018 8 24,Scorpaenichthys marmoratus,0,0
ssp 2018 8 24,Sebastes paucispinis,0,0
ssp 2018 8 24,Sebastes1,0,0
ssp 2018 8 24,Sebastes2,0,0
ssp 2018 8 24,Synchirus gilli,0,0
ssp 2018 8 24,Syngnathus leptorhynchus,0,0
ssp 2018 8 24,Trichodon trichodon,0,0
ssp 2019 7 30,Ammodytes1,42,1
ssp 2019 7 30,Amphistichus rhodoterus,0,0
ssp 2019 7 30,Anoplarchus1,0,0
ssp 2019 7 30,Apodichthys flavidus,2,1
ssp 2019 7 30,Artedius1,0,0
ssp 2019 7 30,Ascelichthys rhodorus,0,0
ssp 2019 7 30,Aulorhynchus flavidus,0,0
ssp 2019 7 30,Blepsias cirrhosus,0,0
ssp 2019 7 30,Brachyistius frenatus,0,0
ssp 2019 7 30,Chitonotus pugetensis,0,0
ssp 2019 7 30,Citharichthys1,149,1
ssp 2019 7 30,Clinocottus acuticeps,0,0
ssp 2019 7 30,Clupea pallasii,0,0
ssp 2019 7 30,Cymatogaster aggregata,85,1
ssp 2019 7 30,Embiotoca lateralis,0,0
ssp 2019 7 30,Enophrys bison,0,0
ssp 2019 7 30,Gadus chalcogrammus,0,0
ssp 2019 7 30,Gadus macrocephalus,0,0
ssp 2019 7 30,Gasterosteus aculeatus,0,0
ssp 2019 7 30,Gibbonsia metzi,0,0
ssp 2019 7 30,Gobiesox maeandricus,0,0
ssp 2019 7 30,Hemilepidotus hemilepidotus,0,0
ssp 2019 7 30,Hexagrammos decagrammus,0,0
ssp 2019 7 30,Hexagrammos stelleri,3,1
ssp 2019 7 30,Hexagrammos1,0,0
ssp 2019 7 30,Hypomesus pretiosus,0,0
ssp 2019 7 30,Jordania zonope,0,0
ssp 2019 7 30,Lepidogobius lepidus,0,0
ssp 2019 7 30,Lepidopsetta1,0,0
ssp 2019 7 30,Leptocottus armatus,5,1
ssp 2019 7 30,Lumpenus sagitta,0,0
ssp 2019 7 30,Microgadus proximus,0,0
ssp 2019 7 30,Myoxocephalus1,0,0
ssp 2019 7 30,Odontopyxis trispinosa,0,0
ssp 2019 7 30,Oligocottus rimensis,0,0
ssp 2019 7 30,Oligocottus1,0,0
ssp 2019 7 30,Oncorhynchus kisutch,0,0
ssp 2019 7 30,Oncorhynchus tshawytscha,0,0
ssp 2019 7 30,Ophiodon elongatus,0,0
ssp 2019 7 30,Oxylebius pictus,0,0
ssp 2019 7 30,Pallasina barbata,0,0
ssp 2019 7 30,Pholis1,0,0
ssp 2019 7 30,Platichthys stellatus,4,1
ssp 2019 7 30,Pleuronectidae1,165,1
ssp 2019 7 30,Pleuronichthys coenosus,1,1
ssp 2019 7 30,Rhacochilus vacca,0,0
ssp 2019 7 30,Rhinogobiops nicholsii,0,0
ssp 2019 7 30,Rimicola muscarum,0,0
ssp 2019 7 30,Salvelinus malma,0,0
ssp 2019 7 30,Scorpaenichthys marmoratus,4,1
ssp 2019 7 30,Sebastes paucispinis,0,0
ssp 2019 7 30,Sebastes1,0,0
ssp 2019 7 30,Sebastes2,0,0
ssp 2019 7 30,Synchirus gilli,0,0
ssp 2019 7 30,Syngnathus leptorhynchus,0,0
ssp 2019 7 30,Trichodon trichodon,0,0
ssp 2020 7 20,Ammodytes1,0,0
ssp 2020 7 20,Amphistichus rhodoterus,0,0
ssp 2020 7 20,Anoplarchus1,0,0
ssp 2020 7 20,Apodichthys flavidus,6,1
ssp 2020 7 20,Artedius1,0,0
ssp 2020 7 20,Ascelichthys rhodorus,0,0
ssp 2020 7 20,Aulorhynchus flavidus,0,0
ssp 2020 7 20,Blepsias cirrhosus,2,1
ssp 2020 7 20,Brachyistius frenatus,0,0
ssp 2020 7 20,Chitonotus pugetensis,0,0
ssp 2020 7 20,Citharichthys1,29,1
ssp 2020 7 20,Clinocottus acuticeps,0,0
ssp 2020 7 20,Clupea pallasii,0,0
ssp 2020 7 20,Cymatogaster aggregata,9,1
ssp 2020 7 20,Embiotoca lateralis,1,1
ssp 2020 7 20,Enophrys bison,0,0
ssp 2020 7 20,Gadus chalcogrammus,0,0
ssp 2020 7 20,Gadus macrocephalus,0,0
ssp 2020 7 20,Gasterosteus aculeatus,2,1
ssp 2020 7 20,Gibbonsia metzi,0,0
ssp 2020 7 20,Gobiesox maeandricus,0,0
ssp 2020 7 20,Hemilepidotus hemilepidotus,0,0
ssp 2020 7 20,Hexagrammos decagrammus,32,1
ssp 2020 7 20,Hexagrammos stelleri,2,1
ssp 2020 7 20,Hexagrammos1,8,1
ssp 2020 7 20,Hypomesus pretiosus,0,0
ssp 2020 7 20,Jordania zonope,0,0
ssp 2020 7 20,Lepidogobius lepidus,0,0
ssp 2020 7 20,Lepidopsetta1,0,0
ssp 2020 7 20,Leptocottus armatus,2,1
ssp 2020 7 20,Lumpenus sagitta,0,0
ssp 2020 7 20,Microgadus proximus,0,0
ssp 2020 7 20,Myoxocephalus1,0,0
ssp 2020 7 20,Odontopyxis trispinosa,0,0
ssp 2020 7 20,Oligocottus rimensis,0,0
ssp 2020 7 20,Oligocottus1,0,0
ssp 2020 7 20,Oncorhynchus kisutch,0,0
ssp 2020 7 20,Oncorhynchus tshawytscha,0,0
ssp 2020 7 20,Ophiodon elongatus,7,1
ssp 2020 7 20,Oxylebius pictus,1,1
ssp 2020 7 20,Pallasina barbata,0,0
ssp 2020 7 20,Pholis1,0,0
ssp 2020 7 20,Platichthys stellatus,0,0
ssp 2020 7 20,Pleuronectidae1,594,1
ssp 2020 7 20,Pleuronichthys coenosus,2,1
ssp 2020 7 20,Rhacochilus vacca,0,0
ssp 2020 7 20,Rhinogobiops nicholsii,0,0
ssp 2020 7 20,Rimicola muscarum,0,0
ssp 2020 7 20,Salvelinus malma,0,0
ssp 2020 7 20,Scorpaenichthys marmoratus,3,1
ssp 2020 7 20,Sebastes paucispinis,0,0
ssp 2020 7 20,Sebastes1,7,1
ssp 2020 7 20,Sebastes2,0,0
ssp 2020 7 20,Synchirus gilli,0,0
ssp 2020 7 20,Syngnathus leptorhynchus,0,0
ssp 2020 7 20,Trichodon trichodon,0,0
wfb 2018 7 12,Ammodytes1,967,1
wfb 2018 7 12,Amphistichus rhodoterus,0,0
wfb 2018 7 12,Anoplarchus1,0,0
wfb 2018 7 12,Apodichthys flavidus,1,1
wfb 2018 7 12,Artedius1,0,0
wfb 2018 7 12,Ascelichthys rhodorus,0,0
wfb 2018 7 12,Aulorhynchus flavidus,0,0
wfb 2018 7 12,Blepsias cirrhosus,0,0
wfb 2018 7 12,Brachyistius frenatus,0,0
wfb 2018 7 12,Chitonotus pugetensis,0,0
wfb 2018 7 12,Citharichthys1,117,1
wfb 2018 7 12,Clinocottus acuticeps,0,0
wfb 2018 7 12,Clupea pallasii,64,1
wfb 2018 7 12,Cymatogaster aggregata,0,0
wfb 2018 7 12,Embiotoca lateralis,0,0
wfb 2018 7 12,Enophrys bison,0,0
wfb 2018 7 12,Gadus chalcogrammus,0,0
wfb 2018 7 12,Gadus macrocephalus,0,0
wfb 2018 7 12,Gasterosteus aculeatus,0,0
wfb 2018 7 12,Gibbonsia metzi,0,0
wfb 2018 7 12,Gobiesox maeandricus,0,0
wfb 2018 7 12,Hemilepidotus hemilepidotus,0,0
wfb 2018 7 12,Hexagrammos decagrammus,0,0
wfb 2018 7 12,Hexagrammos stelleri,0,0
wfb 2018 7 12,Hexagrammos1,0,0
wfb 2018 7 12,Hypomesus pretiosus,49,1
wfb 2018 7 12,Jordania zonope,0,0
wfb 2018 7 12,Lepidogobius lepidus,0,0
wfb 2018 7 12,Lepidopsetta1,0,0
wfb 2018 7 12,Leptocottus armatus,24,1
wfb 2018 7 12,Lumpenus sagitta,0,0
wfb 2018 7 12,Microgadus proximus,0,0
wfb 2018 7 12,Myoxocephalus1,0,0
wfb 2018 7 12,Odontopyxis trispinosa,0,0
wfb 2018 7 12,Oligocottus rimensis,0,0
wfb 2018 7 12,Oligocottus1,0,0
wfb 2018 7 12,Oncorhynchus kisutch,0,0
wfb 2018 7 12,Oncorhynchus tshawytscha,0,0
wfb 2018 7 12,Ophiodon elongatus,0,0
wfb 2018 7 12,Oxylebius pictus,0,0
wfb 2018 7 12,Pallasina barbata,0,0
wfb 2018 7 12,Pholis1,0,0
wfb 2018 7 12,Platichthys stellatus,0,0
wfb 2018 7 12,Pleuronectidae1,269,1
wfb 2018 7 12,Pleuronichthys coenosus,0,0
wfb 2018 7 12,Rhacochilus vacca,0,0
wfb 2018 7 12,Rhinogobiops nicholsii,0,0
wfb 2018 7 12,Rimicola muscarum,0,0
wfb 2018 7 12,Salvelinus malma,0,0
wfb 2018 7 12,Scorpaenichthys marmoratus,0,0
wfb 2018 7 12,Sebastes paucispinis,0,0
wfb 2018 7 12,Sebastes1,0,0
wfb 2018 7 12,Sebastes2,0,0
wfb 2018 7 12,Synchirus gilli,0,0
wfb 2018 7 12,Syngnathus leptorhynchus,0,0
wfb 2018 7 12,Trichodon trichodon,0,0
wfb 2018 8 24,Ammodytes1,3240,1
wfb 2018 8 24,Amphistichus rhodoterus,0,0
wfb 2018 8 24,Anoplarchus1,0,0
wfb 2018 8 24,Apodichthys flavidus,0,0
wfb 2018 8 24,Artedius1,0,0
wfb 2018 8 24,Ascelichthys rhodorus,0,0
wfb 2018 8 24,Aulorhynchus flavidus,1,1
wfb 2018 8 24,Blepsias cirrhosus,0,0
wfb 2018 8 24,Brachyistius frenatus,0,0
wfb 2018 8 24,Chitonotus pugetensis,0,0
wfb 2018 8 24,Citharichthys1,47,1
wfb 2018 8 24,Clinocottus acuticeps,0,0
wfb 2018 8 24,Clupea pallasii,0,0
wfb 2018 8 24,Cymatogaster aggregata,0,0
wfb 2018 8 24,Embiotoca lateralis,0,0
wfb 2018 8 24,Enophrys bison,0,0
wfb 2018 8 24,Gadus chalcogrammus,0,0
wfb 2018 8 24,Gadus macrocephalus,0,0
wfb 2018 8 24,Gasterosteus aculeatus,0,0
wfb 2018 8 24,Gibbonsia metzi,0,0
wfb 2018 8 24,Gobiesox maeandricus,0,0
wfb 2018 8 24,Hemilepidotus hemilepidotus,0,0
wfb 2018 8 24,Hexagrammos decagrammus,0,0
wfb 2018 8 24,Hexagrammos stelleri,0,0
wfb 2018 8 24,Hexagrammos1,0,0
wfb 2018 8 24,Hypomesus pretiosus,1,1
wfb 2018 8 24,Jordania zonope,0,0
wfb 2018 8 24,Lepidogobius lepidus,0,0
wfb 2018 8 24,Lepidopsetta1,0,0
wfb 2018 8 24,Leptocottus armatus,98,1
wfb 2018 8 24,Lumpenus sagitta,0,0
wfb 2018 8 24,Microgadus proximus,0,0
wfb 2018 8 24,Myoxocephalus1,0,0
wfb 2018 8 24,Odontopyxis trispinosa,0,0
wfb 2018 8 24,Oligocottus rimensis,0,0
wfb 2018 8 24,Oligocottus1,0,0
wfb 2018 8 24,Oncorhynchus kisutch,0,0
wfb 2018 8 24,Oncorhynchus tshawytscha,0,0
wfb 2018 8 24,Ophiodon elongatus,0,0
wfb 2018 8 24,Oxylebius pictus,0,0
wfb 2018 8 24,Pallasina barbata,0,0
wfb 2018 8 24,Pholis1,0,0
wfb 2018 8 24,Platichthys stellatus,7,1
wfb 2018 8 24,Pleuronectidae1,109,1
wfb 2018 8 24,Pleuronichthys coenosus,0,0
wfb 2018 8 24,Rhacochilus vacca,0,0
wfb 2018 8 24,Rhinogobiops nicholsii,0,0
wfb 2018 8 24,Rimicola muscarum,0,0
wfb 2018 8 24,Salvelinus malma,0,0
wfb 2018 8 24,Scorpaenichthys marmoratus,0,0
wfb 2018 8 24,Sebastes paucispinis,0,0
wfb 2018 8 24,Sebastes1,0,0
wfb 2018 8 24,Sebastes2,0,0
wfb 2018 8 24,Synchirus gilli,0,0
wfb 2018 8 24,Syngnathus leptorhynchus,0,0
wfb 2018 8 24,Trichodon trichodon,0,0
wfb 2019 7 30,Ammodytes1,1153,1
wfb 2019 7 30,Amphistichus rhodoterus,0,0
wfb 2019 7 30,Anoplarchus1,0,0
wfb 2019 7 30,Apodichthys flavidus,2,1
wfb 2019 7 30,Artedius1,0,0
wfb 2019 7 30,Ascelichthys rhodorus,0,0
wfb 2019 7 30,Aulorhynchus flavidus,1,1
wfb 2019 7 30,Blepsias cirrhosus,0,0
wfb 2019 7 30,Brachyistius frenatus,0,0
wfb 2019 7 30,Chitonotus pugetensis,0,0
wfb 2019 7 30,Citharichthys1,177,1
wfb 2019 7 30,Clinocottus acuticeps,0,0
wfb 2019 7 30,Clupea pallasii,4,1
wfb 2019 7 30,Cymatogaster aggregata,0,0
wfb 2019 7 30,Embiotoca lateralis,0,0
wfb 2019 7 30,Enophrys bison,0,0
wfb 2019 7 30,Gadus chalcogrammus,0,0
wfb 2019 7 30,Gadus macrocephalus,0,0
wfb 2019 7 30,Gasterosteus aculeatus,0,0
wfb 2019 7 30,Gibbonsia metzi,0,0
wfb 2019 7 30,Gobiesox maeandricus,0,0
wfb 2019 7 30,Hemilepidotus hemilepidotus,0,0
wfb 2019 7 30,Hexagrammos decagrammus,0,0
wfb 2019 7 30,Hexagrammos stelleri,0,0
wfb 2019 7 30,Hexagrammos1,0,0
wfb 2019 7 30,Hypomesus pretiosus,11,1
wfb 2019 7 30,Jordania zonope,0,0
wfb 2019 7 30,Lepidogobius lepidus,0,0
wfb 2019 7 30,Lepidopsetta1,0,0
wfb 2019 7 30,Leptocottus armatus,31,1
wfb 2019 7 30,Lumpenus sagitta,0,0
wfb 2019 7 30,Microgadus proximus,0,0
wfb 2019 7 30,Myoxocephalus1,0,0
wfb 2019 7 30,Odontopyxis trispinosa,0,0
wfb 2019 7 30,Oligocottus rimensis,0,0
wfb 2019 7 30,Oligocottus1,0,0
wfb 2019 7 30,Oncorhynchus kisutch,0,0
wfb 2019 7 30,Oncorhynchus tshawytscha,0,0
wfb 2019 7 30,Ophiodon elongatus,0,0
wfb 2019 7 30,Oxylebius pictus,0,0
wfb 2019 7 30,Pallasina barbata,0,0
wfb 2019 7 30,Pholis1,0,0
wfb 2019 7 30,Platichthys stellatus,1,1
wfb 2019 7 30,Pleuronectidae1,225,1
wfb 2019 7 30,Pleuronichthys coenosus,0,0
wfb 2019 7 30,Rhacochilus vacca,0,0
wfb 2019 7 30,Rhinogobiops nicholsii,0,0
wfb 2019 7 30,Rimicola muscarum,0,0
wfb 2019 7 30,Salvelinus malma,0,0
wfb 2019 7 30,Scorpaenichthys marmoratus,0,0
wfb 2019 7 30,Sebastes paucispinis,0,0
wfb 2019 7 30,Sebastes1,0,0
wfb 2019 7 30,Sebastes2,0,0
wfb 2019 7 30,Synchirus gilli,0,0
wfb 2019 7 30,Syngnathus leptorhynchus,0,0
wfb 2019 7 30,Trichodon trichodon,1,1
wfb 2020 7 20,Ammodytes1,178,1
wfb 2020 7 20,Amphistichus rhodoterus,0,0
wfb 2020 7 20,Anoplarchus1,0,0
wfb 2020 7 20,Apodichthys flavidus,0,0
wfb 2020 7 20,Artedius1,0,0
wfb 2020 7 20,Ascelichthys rhodorus,0,0
wfb 2020 7 20,Aulorhynchus flavidus,0,0
wfb 2020 7 20,Blepsias cirrhosus,0,0
wfb 2020 7 20,Brachyistius frenatus,0,0
wfb 2020 7 20,Chitonotus pugetensis,0,0
wfb 2020 7 20,Citharichthys1,28,1
wfb 2020 7 20,Clinocottus acuticeps,0,0
wfb 2020 7 20,Clupea pallasii,0,0
wfb 2020 7 20,Cymatogaster aggregata,0,0
wfb 2020 7 20,Embiotoca lateralis,0,0
wfb 2020 7 20,Enophrys bison,0,0
wfb 2020 7 20,Gadus chalcogrammus,0,0
wfb 2020 7 20,Gadus macrocephalus,0,0
wfb 2020 7 20,Gasterosteus aculeatus,10,1
wfb 2020 7 20,Gibbonsia metzi,0,0
wfb 2020 7 20,Gobiesox maeandricus,0,0
wfb 2020 7 20,Hemilepidotus hemilepidotus,0,0
wfb 2020 7 20,Hexagrammos decagrammus,0,0
wfb 2020 7 20,Hexagrammos stelleri,0,0
wfb 2020 7 20,Hexagrammos1,0,0
wfb 2020 7 20,Hypomesus pretiosus,2,1
wfb 2020 7 20,Jordania zonope,0,0
wfb 2020 7 20,Lepidogobius lepidus,0,0
wfb 2020 7 20,Lepidopsetta1,0,0
wfb 2020 7 20,Leptocottus armatus,74,1
wfb 2020 7 20,Lumpenus sagitta,0,0
wfb 2020 7 20,Microgadus proximus,0,0
wfb 2020 7 20,Myoxocephalus1,0,0
wfb 2020 7 20,Odontopyxis trispinosa,0,0
wfb 2020 7 20,Oligocottus rimensis,0,0
wfb 2020 7 20,Oligocottus1,0,0
wfb 2020 7 20,Oncorhynchus kisutch,1,1
wfb 2020 7 20,Oncorhynchus tshawytscha,0,0
wfb 2020 7 20,Ophiodon elongatus,2,1
wfb 2020 7 20,Oxylebius pictus,0,0
wfb 2020 7 20,Pallasina barbata,0,0
wfb 2020 7 20,Pholis1,0,0
wfb 2020 7 20,Platichthys stellatus,0,0
wfb 2020 7 20,Pleuronectidae1,137,1
wfb 2020 7 20,Pleuronichthys coenosus,0,0
wfb 2020 7 20,Rhacochilus vacca,0,0
wfb 2020 7 20,Rhinogobiops nicholsii,0,0
wfb 2020 7 20,Rimicola muscarum,0,0
wfb 2020 7 20,Salvelinus malma,0,0
wfb 2020 7 20,Scorpaenichthys marmoratus,0,0
wfb 2020 7 20,Sebastes paucispinis,0,0
wfb 2020 7 20,Sebastes1,0,0
wfb 2020 7 20,Sebastes2,0,0
wfb 2020 7 20,Synchirus gilli,0,0
wfb 2020 7 20,Syngnathus leptorhynchus,0,0
wfb 2020 7 20,Trichodon trichodon,0,0
