dat_site,species,abundance,p_a
chp 2018 7 10,bago,0,0
chp 2018 7 10,bapi,2,1
chp 2018 7 10,blgo,0,0
chp 2018 7 10,blro,1,1
chp 2018 7 10,boro,0,0
chp 2018 7 10,busc,4,1
chp 2018 7 10,byro,10,1
chp 2018 7 10,cabe,2,1
chp 2018 7 10,chin,0,0
chp 2018 7 10,coho,0,0
chp 2018 7 10,coro,1,1
chp 2018 7 10,coso,1,1
chp 2018 7 10,cqbr,18,1
chp 2018 7 10,crgu,0,0
chp 2018 7 10,dova,0,0
chp 2018 7 10,enso,0,0
chp 2018 7 10,grsc,0,0
chp 2018 7 10,herr,0,0
chp 2018 7 10,hico,0,0
chp 2018 7 10,kecl,0,0
chp 2018 7 10,kegr,0,0
chp 2018 7 10,kepe,0,0
chp 2018 7 10,ling,0,0
chp 2018 7 10,losc,0,0
chp 2018 7 10,masc,3,1
chp 2018 7 10,nocl,0,0
chp 2018 7 10,paco,0,0
chp 2018 7 10,pagr,0,0
chp 2018 7 10,pasa,5,1
chp 2018 7 10,pasc,0,0
chp 2018 7 10,pasf,0,0
chp 2018 7 10,pegu,1,1
chp 2018 7 10,pipe,0,0
chp 2018 7 10,pypo,0,0
chp 2018 7 10,qbro,0,0
chp 2018 7 10,rbsc,0,0
chp 2018 7 10,reil,0,0
chp 2018 7 10,repe,0,0
chp 2018 7 10,rogr,0,0
chp 2018 7 10,rosc,0,0
chp 2018 7 10,roso,0,0
chp 2018 7 10,sand,2,1
chp 2018 7 10,sasc,1,1
chp 2018 7 10,saso,0,0
chp 2018 7 10,scsc,0,0
chp 2018 7 10,shpe,11,1
chp 2018 7 10,shsc,0,0
chp 2018 7 10,sisc,0,0
chp 2018 7 10,smsc,0,0
chp 2018 7 10,snpr,0,0
chp 2018 7 10,stfl,0,0
chp 2018 7 10,stke,0,0
chp 2018 7 10,stpe,0,0
chp 2018 7 10,stsc,0,0
chp 2018 7 10,susm,0,0
chp 2018 7 10,thst,0,0
chp 2018 7 10,tisc,12,1
chp 2018 7 10,tomc,0,0
chp 2018 7 10,tube,4,1
chp 2018 7 10,tupo,0,0
chp 2018 7 10,unar,1,1
chp 2018 7 10,unco,0,0
chp 2018 7 10,unfl,0,0
chp 2018 7 10,unla,0,0
chp 2018 7 10,unro,0,0
chp 2018 7 10,unsc,0,0
chp 2018 7 10,wall,0,0
chp 2018 7 10,whgr,0,0
chp 2018 7 10,yero,0,0
chp 2018 8 25,bago,0,0
chp 2018 8 25,bapi,2,1
chp 2018 8 25,blgo,0,0
chp 2018 8 25,blro,0,0
chp 2018 8 25,boro,0,0
chp 2018 8 25,busc,15,1
chp 2018 8 25,byro,13,1
chp 2018 8 25,cabe,4,1
chp 2018 8 25,chin,0,0
chp 2018 8 25,coho,0,0
chp 2018 8 25,coro,135,1
chp 2018 8 25,coso,1,1
chp 2018 8 25,cqbr,25,1
chp 2018 8 25,crgu,2,1
chp 2018 8 25,dova,0,0
chp 2018 8 25,enso,1,1
chp 2018 8 25,grsc,0,0
chp 2018 8 25,herr,0,0
chp 2018 8 25,hico,0,0
chp 2018 8 25,kecl,0,0
chp 2018 8 25,kegr,8,1
chp 2018 8 25,kepe,0,0
chp 2018 8 25,ling,0,0
chp 2018 8 25,losc,0,0
chp 2018 8 25,masc,4,1
chp 2018 8 25,nocl,0,0
chp 2018 8 25,paco,0,0
chp 2018 8 25,pagr,0,0
chp 2018 8 25,pasa,3,1
chp 2018 8 25,pasc,0,0
chp 2018 8 25,pasf,0,0
chp 2018 8 25,pegu,4,1
chp 2018 8 25,pipe,0,0
chp 2018 8 25,pypo,0,0
chp 2018 8 25,qbro,5,1
chp 2018 8 25,rbsc,0,0
chp 2018 8 25,reil,2,1
chp 2018 8 25,repe,0,0
chp 2018 8 25,rogr,3,1
chp 2018 8 25,rosc,0,0
chp 2018 8 25,roso,0,0
chp 2018 8 25,sand,0,0
chp 2018 8 25,sasc,0,0
chp 2018 8 25,saso,0,0
chp 2018 8 25,scsc,0,0
chp 2018 8 25,shpe,110,1
chp 2018 8 25,shsc,1,1
chp 2018 8 25,sisc,1,1
chp 2018 8 25,smsc,0,0
chp 2018 8 25,snpr,0,0
chp 2018 8 25,stfl,0,0
chp 2018 8 25,stke,1,1
chp 2018 8 25,stpe,1,1
chp 2018 8 25,stsc,0,0
chp 2018 8 25,susm,0,0
chp 2018 8 25,thst,0,0
chp 2018 8 25,tisc,127,1
chp 2018 8 25,tomc,0,0
chp 2018 8 25,tube,9,1
chp 2018 8 25,tupo,0,0
chp 2018 8 25,unar,2,1
chp 2018 8 25,unco,0,0
chp 2018 8 25,unfl,0,0
chp 2018 8 25,unla,0,0
chp 2018 8 25,unro,0,0
chp 2018 8 25,unsc,0,0
chp 2018 8 25,wall,0,0
chp 2018 8 25,whgr,0,0
chp 2018 8 25,yero,0,0
chp 2019 7 29,bago,0,0
chp 2019 7 29,bapi,0,0
chp 2019 7 29,blgo,0,0
chp 2019 7 29,blro,3,1
chp 2019 7 29,boro,0,0
chp 2019 7 29,busc,4,1
chp 2019 7 29,byro,69,1
chp 2019 7 29,cabe,1,1
chp 2019 7 29,chin,0,0
chp 2019 7 29,coho,0,0
chp 2019 7 29,coro,3,1
chp 2019 7 29,coso,1,1
chp 2019 7 29,cqbr,2,1
chp 2019 7 29,crgu,0,0
chp 2019 7 29,dova,0,0
chp 2019 7 29,enso,1,1
chp 2019 7 29,grsc,0,0
chp 2019 7 29,herr,0,0
chp 2019 7 29,hico,0,0
chp 2019 7 29,kecl,0,0
chp 2019 7 29,kegr,0,0
chp 2019 7 29,kepe,0,0
chp 2019 7 29,ling,0,0
chp 2019 7 29,losc,0,0
chp 2019 7 29,masc,0,0
chp 2019 7 29,nocl,0,0
chp 2019 7 29,paco,0,0
chp 2019 7 29,pagr,0,0
chp 2019 7 29,pasa,14,1
chp 2019 7 29,pasc,0,0
chp 2019 7 29,pasf,0,0
chp 2019 7 29,pegu,5,1
chp 2019 7 29,pipe,0,0
chp 2019 7 29,pypo,0,0
chp 2019 7 29,qbro,0,0
chp 2019 7 29,rbsc,0,0
chp 2019 7 29,reil,0,0
chp 2019 7 29,repe,0,0
chp 2019 7 29,rogr,0,0
chp 2019 7 29,rosc,0,0
chp 2019 7 29,roso,0,0
chp 2019 7 29,sand,0,0
chp 2019 7 29,sasc,0,0
chp 2019 7 29,saso,0,0
chp 2019 7 29,scsc,0,0
chp 2019 7 29,shpe,15,1
chp 2019 7 29,shsc,0,0
chp 2019 7 29,sisc,1,1
chp 2019 7 29,smsc,0,0
chp 2019 7 29,snpr,0,0
chp 2019 7 29,stfl,0,0
chp 2019 7 29,stke,0,0
chp 2019 7 29,stpe,19,1
chp 2019 7 29,stsc,0,0
chp 2019 7 29,susm,0,0
chp 2019 7 29,thst,0,0
chp 2019 7 29,tisc,20,1
chp 2019 7 29,tomc,0,0
chp 2019 7 29,tube,8,1
chp 2019 7 29,tupo,0,0
chp 2019 7 29,unar,0,0
chp 2019 7 29,unco,0,0
chp 2019 7 29,unfl,0,0
chp 2019 7 29,unla,0,0
chp 2019 7 29,unro,0,0
chp 2019 7 29,unsc,0,0
chp 2019 7 29,wall,0,0
chp 2019 7 29,whgr,0,0
chp 2019 7 29,yero,0,0
chp 2020 7 19,bago,0,0
chp 2020 7 19,bapi,0,0
chp 2020 7 19,blgo,0,0
chp 2020 7 19,blro,1,1
chp 2020 7 19,boro,0,0
chp 2020 7 19,busc,4,1
chp 2020 7 19,byro,63,1
chp 2020 7 19,cabe,2,1
chp 2020 7 19,chin,0,0
chp 2020 7 19,coho,0,0
chp 2020 7 19,coro,0,0
chp 2020 7 19,coso,6,1
chp 2020 7 19,cqbr,8,1
chp 2020 7 19,crgu,0,0
chp 2020 7 19,dova,0,0
chp 2020 7 19,enso,2,1
chp 2020 7 19,grsc,0,0
chp 2020 7 19,herr,0,0
chp 2020 7 19,hico,0,0
chp 2020 7 19,kecl,0,0
chp 2020 7 19,kegr,11,1
chp 2020 7 19,kepe,0,0
chp 2020 7 19,ling,0,0
chp 2020 7 19,losc,0,0
chp 2020 7 19,masc,0,0
chp 2020 7 19,nocl,0,0
chp 2020 7 19,paco,0,0
chp 2020 7 19,pagr,0,0
chp 2020 7 19,pasa,23,1
chp 2020 7 19,pasc,0,0
chp 2020 7 19,pasf,0,0
chp 2020 7 19,pegu,8,1
chp 2020 7 19,pipe,0,0
chp 2020 7 19,pypo,0,0
chp 2020 7 19,qbro,0,0
chp 2020 7 19,rbsc,0,0
chp 2020 7 19,reil,0,0
chp 2020 7 19,repe,0,0
chp 2020 7 19,rogr,3,1
chp 2020 7 19,rosc,0,0
chp 2020 7 19,roso,0,0
chp 2020 7 19,sand,1,1
chp 2020 7 19,sasc,0,0
chp 2020 7 19,saso,0,0
chp 2020 7 19,scsc,0,0
chp 2020 7 19,shpe,112,1
chp 2020 7 19,shsc,0,0
chp 2020 7 19,sisc,1,1
chp 2020 7 19,smsc,1,1
chp 2020 7 19,snpr,0,0
chp 2020 7 19,stfl,0,0
chp 2020 7 19,stke,0,0
chp 2020 7 19,stpe,2,1
chp 2020 7 19,stsc,0,0
chp 2020 7 19,susm,0,0
chp 2020 7 19,thst,0,0
chp 2020 7 19,tisc,2,1
chp 2020 7 19,tomc,0,0
chp 2020 7 19,tube,63,1
chp 2020 7 19,tupo,0,0
chp 2020 7 19,unar,0,0
chp 2020 7 19,unco,0,0
chp 2020 7 19,unfl,0,0
chp 2020 7 19,unla,0,0
chp 2020 7 19,unro,0,0
chp 2020 7 19,unsc,0,0
chp 2020 7 19,wall,0,0
chp 2020 7 19,whgr,0,0
chp 2020 7 19,yero,0,0
fan1 2020 7 25,bago,0,0
fan1 2020 7 25,bapi,17,1
fan1 2020 7 25,blgo,0,0
fan1 2020 7 25,blro,0,0
fan1 2020 7 25,boro,0,0
fan1 2020 7 25,busc,1,1
fan1 2020 7 25,byro,3,1
fan1 2020 7 25,cabe,0,0
fan1 2020 7 25,chin,0,0
fan1 2020 7 25,coho,0,0
fan1 2020 7 25,coro,3,1
fan1 2020 7 25,coso,0,0
fan1 2020 7 25,cqbr,3,1
fan1 2020 7 25,crgu,9,1
fan1 2020 7 25,dova,0,0
fan1 2020 7 25,enso,8,1
fan1 2020 7 25,grsc,0,0
fan1 2020 7 25,herr,0,0
fan1 2020 7 25,hico,0,0
fan1 2020 7 25,kecl,1,1
fan1 2020 7 25,kegr,10,1
fan1 2020 7 25,kepe,0,0
fan1 2020 7 25,ling,2,1
fan1 2020 7 25,losc,0,0
fan1 2020 7 25,masc,2,1
fan1 2020 7 25,nocl,0,0
fan1 2020 7 25,paco,0,0
fan1 2020 7 25,pagr,0,0
fan1 2020 7 25,pasa,0,0
fan1 2020 7 25,pasc,1,1
fan1 2020 7 25,pasf,0,0
fan1 2020 7 25,pegu,20,1
fan1 2020 7 25,pipe,0,0
fan1 2020 7 25,pypo,0,0
fan1 2020 7 25,qbro,0,0
fan1 2020 7 25,rbsc,0,0
fan1 2020 7 25,reil,1,1
fan1 2020 7 25,repe,0,0
fan1 2020 7 25,rogr,0,0
fan1 2020 7 25,rosc,0,0
fan1 2020 7 25,roso,0,0
fan1 2020 7 25,sand,0,0
fan1 2020 7 25,sasc,0,0
fan1 2020 7 25,saso,0,0
fan1 2020 7 25,scsc,4,1
fan1 2020 7 25,shpe,100,1
fan1 2020 7 25,shsc,0,0
fan1 2020 7 25,sisc,6,1
fan1 2020 7 25,smsc,4,1
fan1 2020 7 25,snpr,0,0
fan1 2020 7 25,stfl,0,0
fan1 2020 7 25,stke,0,0
fan1 2020 7 25,stpe,3,1
fan1 2020 7 25,stsc,0,0
fan1 2020 7 25,susm,0,0
fan1 2020 7 25,thst,0,0
fan1 2020 7 25,tisc,73,1
fan1 2020 7 25,tomc,0,0
fan1 2020 7 25,tube,1,1
fan1 2020 7 25,tupo,0,0
fan1 2020 7 25,unar,0,0
fan1 2020 7 25,unco,0,0
fan1 2020 7 25,unfl,0,0
fan1 2020 7 25,unla,0,0
fan1 2020 7 25,unro,0,0
fan1 2020 7 25,unsc,1,1
fan1 2020 7 25,wall,0,0
fan1 2020 7 25,whgr,1,1
fan1 2020 7 25,yero,0,0
fan3 2020 7 25,bago,0,0
fan3 2020 7 25,bapi,33,1
fan3 2020 7 25,blgo,0,0
fan3 2020 7 25,blro,0,0
fan3 2020 7 25,boro,0,0
fan3 2020 7 25,busc,10,1
fan3 2020 7 25,byro,0,0
fan3 2020 7 25,cabe,0,0
fan3 2020 7 25,chin,0,0
fan3 2020 7 25,coho,0,0
fan3 2020 7 25,coro,0,0
fan3 2020 7 25,coso,0,0
fan3 2020 7 25,cqbr,1,1
fan3 2020 7 25,crgu,0,0
fan3 2020 7 25,dova,0,0
fan3 2020 7 25,enso,26,1
fan3 2020 7 25,grsc,0,0
fan3 2020 7 25,herr,0,0
fan3 2020 7 25,hico,0,0
fan3 2020 7 25,kecl,0,0
fan3 2020 7 25,kegr,18,1
fan3 2020 7 25,kepe,0,0
fan3 2020 7 25,ling,10,1
fan3 2020 7 25,losc,0,0
fan3 2020 7 25,masc,0,0
fan3 2020 7 25,nocl,0,0
fan3 2020 7 25,paco,0,0
fan3 2020 7 25,pagr,0,0
fan3 2020 7 25,pasa,0,0
fan3 2020 7 25,pasc,0,0
fan3 2020 7 25,pasf,0,0
fan3 2020 7 25,pegu,24,1
fan3 2020 7 25,pipe,0,0
fan3 2020 7 25,pypo,0,0
fan3 2020 7 25,qbro,0,0
fan3 2020 7 25,rbsc,0,0
fan3 2020 7 25,reil,0,0
fan3 2020 7 25,repe,0,0
fan3 2020 7 25,rogr,0,0
fan3 2020 7 25,rosc,0,0
fan3 2020 7 25,roso,0,0
fan3 2020 7 25,sand,0,0
fan3 2020 7 25,sasc,0,0
fan3 2020 7 25,saso,0,0
fan3 2020 7 25,scsc,0,0
fan3 2020 7 25,shpe,16,1
fan3 2020 7 25,shsc,0,0
fan3 2020 7 25,sisc,0,0
fan3 2020 7 25,smsc,0,0
fan3 2020 7 25,snpr,0,0
fan3 2020 7 25,stfl,0,0
fan3 2020 7 25,stke,0,0
fan3 2020 7 25,stpe,0,0
fan3 2020 7 25,stsc,1,1
fan3 2020 7 25,susm,0,0
fan3 2020 7 25,thst,0,0
fan3 2020 7 25,tisc,220,1
fan3 2020 7 25,tomc,0,0
fan3 2020 7 25,tube,0,0
fan3 2020 7 25,tupo,0,0
fan3 2020 7 25,unar,0,0
fan3 2020 7 25,unco,0,0
fan3 2020 7 25,unfl,0,0
fan3 2020 7 25,unla,0,0
fan3 2020 7 25,unro,0,0
fan3 2020 7 25,unsc,0,0
fan3 2020 7 25,wall,0,0
fan3 2020 7 25,whgr,4,1
fan3 2020 7 25,yero,0,0
gog1 2018 7 14,bago,0,0
gog1 2018 7 14,bapi,86,1
gog1 2018 7 14,blgo,0,0
gog1 2018 7 14,blro,0,0
gog1 2018 7 14,boro,0,0
gog1 2018 7 14,busc,4,1
gog1 2018 7 14,byro,1,1
gog1 2018 7 14,cabe,6,1
gog1 2018 7 14,chin,0,0
gog1 2018 7 14,coho,0,0
gog1 2018 7 14,coro,0,0
gog1 2018 7 14,coso,1,1
gog1 2018 7 14,cqbr,123,1
gog1 2018 7 14,crgu,16,1
gog1 2018 7 14,dova,0,0
gog1 2018 7 14,enso,4,1
gog1 2018 7 14,grsc,0,0
gog1 2018 7 14,herr,0,0
gog1 2018 7 14,hico,0,0
gog1 2018 7 14,kecl,13,1
gog1 2018 7 14,kegr,41,1
gog1 2018 7 14,kepe,0,0
gog1 2018 7 14,ling,2,1
gog1 2018 7 14,losc,0,0
gog1 2018 7 14,masc,9,1
gog1 2018 7 14,nocl,3,1
gog1 2018 7 14,paco,0,0
gog1 2018 7 14,pagr,0,0
gog1 2018 7 14,pasa,14,1
gog1 2018 7 14,pasc,0,0
gog1 2018 7 14,pasf,0,0
gog1 2018 7 14,pegu,60,1
gog1 2018 7 14,pipe,0,0
gog1 2018 7 14,pypo,0,0
gog1 2018 7 14,qbro,0,0
gog1 2018 7 14,rbsc,0,0
gog1 2018 7 14,reil,2,1
gog1 2018 7 14,repe,0,0
gog1 2018 7 14,rogr,0,0
gog1 2018 7 14,rosc,0,0
gog1 2018 7 14,roso,0,0
gog1 2018 7 14,sand,0,0
gog1 2018 7 14,sasc,0,0
gog1 2018 7 14,saso,0,0
gog1 2018 7 14,scsc,0,0
gog1 2018 7 14,shpe,601,1
gog1 2018 7 14,shsc,0,0
gog1 2018 7 14,sisc,61,1
gog1 2018 7 14,smsc,0,0
gog1 2018 7 14,snpr,0,0
gog1 2018 7 14,stfl,0,0
gog1 2018 7 14,stke,0,0
gog1 2018 7 14,stpe,0,0
gog1 2018 7 14,stsc,6,1
gog1 2018 7 14,susm,0,0
gog1 2018 7 14,thst,0,0
gog1 2018 7 14,tisc,0,0
gog1 2018 7 14,tomc,0,0
gog1 2018 7 14,tube,82,1
gog1 2018 7 14,tupo,5,1
gog1 2018 7 14,unar,1,1
gog1 2018 7 14,unco,0,0
gog1 2018 7 14,unfl,0,0
gog1 2018 7 14,unla,1,0
gog1 2018 7 14,unro,0,0
gog1 2018 7 14,unsc,0,0
gog1 2018 7 14,wall,0,0
gog1 2018 7 14,whgr,0,0
gog1 2018 7 14,yero,0,0
gog1 2020 7 26,bago,0,0
gog1 2020 7 26,bapi,15,1
gog1 2020 7 26,blgo,0,0
gog1 2020 7 26,blro,0,0
gog1 2020 7 26,boro,0,0
gog1 2020 7 26,busc,0,0
gog1 2020 7 26,byro,0,0
gog1 2020 7 26,cabe,0,0
gog1 2020 7 26,chin,0,0
gog1 2020 7 26,coho,0,0
gog1 2020 7 26,coro,0,0
gog1 2020 7 26,coso,0,0
gog1 2020 7 26,cqbr,0,0
gog1 2020 7 26,crgu,4,1
gog1 2020 7 26,dova,0,0
gog1 2020 7 26,enso,348,1
gog1 2020 7 26,grsc,0,0
gog1 2020 7 26,herr,0,0
gog1 2020 7 26,hico,0,0
gog1 2020 7 26,kecl,0,0
gog1 2020 7 26,kegr,0,0
gog1 2020 7 26,kepe,0,0
gog1 2020 7 26,ling,0,0
gog1 2020 7 26,losc,0,0
gog1 2020 7 26,masc,0,0
gog1 2020 7 26,nocl,0,0
gog1 2020 7 26,paco,0,0
gog1 2020 7 26,pagr,0,0
gog1 2020 7 26,pasa,1,1
gog1 2020 7 26,pasc,0,0
gog1 2020 7 26,pasf,0,0
gog1 2020 7 26,pegu,8,1
gog1 2020 7 26,pipe,0,0
gog1 2020 7 26,pypo,0,0
gog1 2020 7 26,qbro,0,0
gog1 2020 7 26,rbsc,0,0
gog1 2020 7 26,reil,0,0
gog1 2020 7 26,repe,0,0
gog1 2020 7 26,rogr,0,0
gog1 2020 7 26,rosc,0,0
gog1 2020 7 26,roso,0,0
gog1 2020 7 26,sand,0,0
gog1 2020 7 26,sasc,0,0
gog1 2020 7 26,saso,1,1
gog1 2020 7 26,scsc,0,0
gog1 2020 7 26,shpe,7,1
gog1 2020 7 26,shsc,0,0
gog1 2020 7 26,sisc,1,1
gog1 2020 7 26,smsc,0,0
gog1 2020 7 26,snpr,0,0
gog1 2020 7 26,stfl,0,0
gog1 2020 7 26,stke,0,0
gog1 2020 7 26,stpe,0,0
gog1 2020 7 26,stsc,17,1
gog1 2020 7 26,susm,0,0
gog1 2020 7 26,thst,0,0
gog1 2020 7 26,tisc,0,0
gog1 2020 7 26,tomc,0,0
gog1 2020 7 26,tube,1,1
gog1 2020 7 26,tupo,0,0
gog1 2020 7 26,unar,0,0
gog1 2020 7 26,unco,0,0
gog1 2020 7 26,unfl,0,0
gog1 2020 7 26,unla,0,0
gog1 2020 7 26,unro,0,0
gog1 2020 7 26,unsc,0,0
gog1 2020 7 26,wall,0,0
gog1 2020 7 26,whgr,0,0
gog1 2020 7 26,yero,0,0
gog4 2018 7 14,bago,0,0
gog4 2018 7 14,bapi,13,1
gog4 2018 7 14,blgo,0,0
gog4 2018 7 14,blro,0,0
gog4 2018 7 14,boro,1,1
gog4 2018 7 14,busc,0,0
gog4 2018 7 14,byro,62,1
gog4 2018 7 14,cabe,2,1
gog4 2018 7 14,chin,0,0
gog4 2018 7 14,coho,0,0
gog4 2018 7 14,coro,1,1
gog4 2018 7 14,coso,1,1
gog4 2018 7 14,cqbr,139,1
gog4 2018 7 14,crgu,0,0
gog4 2018 7 14,dova,0,0
gog4 2018 7 14,enso,140,1
gog4 2018 7 14,grsc,0,0
gog4 2018 7 14,herr,0,0
gog4 2018 7 14,hico,0,0
gog4 2018 7 14,kecl,11,1
gog4 2018 7 14,kegr,25,1
gog4 2018 7 14,kepe,0,0
gog4 2018 7 14,ling,1,1
gog4 2018 7 14,losc,0,0
gog4 2018 7 14,masc,7,1
gog4 2018 7 14,nocl,4,1
gog4 2018 7 14,paco,1,1
gog4 2018 7 14,pagr,0,0
gog4 2018 7 14,pasa,50,1
gog4 2018 7 14,pasc,0,0
gog4 2018 7 14,pasf,0,0
gog4 2018 7 14,pegu,7,1
gog4 2018 7 14,pipe,0,0
gog4 2018 7 14,pypo,0,0
gog4 2018 7 14,qbro,0,0
gog4 2018 7 14,rbsc,0,0
gog4 2018 7 14,reil,0,0
gog4 2018 7 14,repe,0,0
gog4 2018 7 14,rogr,0,0
gog4 2018 7 14,rosc,13,1
gog4 2018 7 14,roso,0,0
gog4 2018 7 14,sand,0,0
gog4 2018 7 14,sasc,0,0
gog4 2018 7 14,saso,8,1
gog4 2018 7 14,scsc,0,0
gog4 2018 7 14,shpe,10,1
gog4 2018 7 14,shsc,0,0
gog4 2018 7 14,sisc,1,1
gog4 2018 7 14,smsc,0,0
gog4 2018 7 14,snpr,0,0
gog4 2018 7 14,stfl,0,0
gog4 2018 7 14,stke,0,0
gog4 2018 7 14,stpe,0,0
gog4 2018 7 14,stsc,8,1
gog4 2018 7 14,susm,0,0
gog4 2018 7 14,thst,0,0
gog4 2018 7 14,tisc,4,1
gog4 2018 7 14,tomc,0,0
gog4 2018 7 14,tube,15,1
gog4 2018 7 14,tupo,7,1
gog4 2018 7 14,unar,41,1
gog4 2018 7 14,unco,0,0
gog4 2018 7 14,unfl,0,0
gog4 2018 7 14,unla,0,0
gog4 2018 7 14,unro,2,1
gog4 2018 7 14,unsc,1,1
gog4 2018 7 14,wall,1,1
gog4 2018 7 14,whgr,0,0
gog4 2018 7 14,yero,0,0
gog4 2020 7 26,bago,0,0
gog4 2020 7 26,bapi,0,0
gog4 2020 7 26,blgo,0,0
gog4 2020 7 26,blro,0,0
gog4 2020 7 26,boro,0,0
gog4 2020 7 26,busc,0,0
gog4 2020 7 26,byro,0,0
gog4 2020 7 26,cabe,0,0
gog4 2020 7 26,chin,0,0
gog4 2020 7 26,coho,0,0
gog4 2020 7 26,coro,0,0
gog4 2020 7 26,coso,0,0
gog4 2020 7 26,cqbr,0,0
gog4 2020 7 26,crgu,0,0
gog4 2020 7 26,dova,0,0
gog4 2020 7 26,enso,303,1
gog4 2020 7 26,grsc,0,0
gog4 2020 7 26,herr,1,1
gog4 2020 7 26,hico,0,0
gog4 2020 7 26,kecl,0,0
gog4 2020 7 26,kegr,1,1
gog4 2020 7 26,kepe,0,0
gog4 2020 7 26,ling,0,0
gog4 2020 7 26,losc,0,0
gog4 2020 7 26,masc,0,0
gog4 2020 7 26,nocl,0,0
gog4 2020 7 26,paco,0,0
gog4 2020 7 26,pagr,0,0
gog4 2020 7 26,pasa,1,1
gog4 2020 7 26,pasc,0,0
gog4 2020 7 26,pasf,0,0
gog4 2020 7 26,pegu,0,0
gog4 2020 7 26,pipe,0,0
gog4 2020 7 26,pypo,0,0
gog4 2020 7 26,qbro,0,0
gog4 2020 7 26,rbsc,0,0
gog4 2020 7 26,reil,0,0
gog4 2020 7 26,repe,0,0
gog4 2020 7 26,rogr,0,0
gog4 2020 7 26,rosc,0,0
gog4 2020 7 26,roso,0,0
gog4 2020 7 26,sand,102,1
gog4 2020 7 26,sasc,0,0
gog4 2020 7 26,saso,33,1
gog4 2020 7 26,scsc,0,0
gog4 2020 7 26,shpe,12,1
gog4 2020 7 26,shsc,0,0
gog4 2020 7 26,sisc,1,1
gog4 2020 7 26,smsc,0,0
gog4 2020 7 26,snpr,0,0
gog4 2020 7 26,stfl,0,0
gog4 2020 7 26,stke,0,0
gog4 2020 7 26,stpe,0,0
gog4 2020 7 26,stsc,1,1
gog4 2020 7 26,susm,0,0
gog4 2020 7 26,thst,0,0
gog4 2020 7 26,tisc,3,1
gog4 2020 7 26,tomc,0,0
gog4 2020 7 26,tube,0,0
gog4 2020 7 26,tupo,0,0
gog4 2020 7 26,unar,0,0
gog4 2020 7 26,unco,0,0
gog4 2020 7 26,unfl,24,1
gog4 2020 7 26,unla,0,0
gog4 2020 7 26,unro,0,0
gog4 2020 7 26,unsc,0,0
gog4 2020 7 26,wall,0,0
gog4 2020 7 26,whgr,0,0
gog4 2020 7 26,yero,0,0
hab2 2018 7 12,bago,0,0
hab2 2018 7 12,bapi,0,0
hab2 2018 7 12,blgo,0,0
hab2 2018 7 12,blro,0,0
hab2 2018 7 12,boro,0,0
hab2 2018 7 12,busc,0,0
hab2 2018 7 12,byro,0,0
hab2 2018 7 12,cabe,0,0
hab2 2018 7 12,chin,0,0
hab2 2018 7 12,coho,0,0
hab2 2018 7 12,coro,0,0
hab2 2018 7 12,coso,0,0
hab2 2018 7 12,cqbr,0,0
hab2 2018 7 12,crgu,0,0
hab2 2018 7 12,dova,0,0
hab2 2018 7 12,enso,20,1
hab2 2018 7 12,grsc,0,0
hab2 2018 7 12,herr,11,1
hab2 2018 7 12,hico,0,0
hab2 2018 7 12,kecl,0,0
hab2 2018 7 12,kegr,0,0
hab2 2018 7 12,kepe,0,0
hab2 2018 7 12,ling,0,0
hab2 2018 7 12,losc,0,0
hab2 2018 7 12,masc,0,0
hab2 2018 7 12,nocl,0,0
hab2 2018 7 12,paco,0,0
hab2 2018 7 12,pagr,0,0
hab2 2018 7 12,pasa,36,1
hab2 2018 7 12,pasc,0,0
hab2 2018 7 12,pasf,0,0
hab2 2018 7 12,pegu,0,0
hab2 2018 7 12,pipe,0,0
hab2 2018 7 12,pypo,0,0
hab2 2018 7 12,qbro,0,0
hab2 2018 7 12,rbsc,0,0
hab2 2018 7 12,reil,0,0
hab2 2018 7 12,repe,9,1
hab2 2018 7 12,rogr,0,0
hab2 2018 7 12,rosc,0,0
hab2 2018 7 12,roso,0,0
hab2 2018 7 12,sand,371,1
hab2 2018 7 12,sasc,0,0
hab2 2018 7 12,saso,25,1
hab2 2018 7 12,scsc,0,0
hab2 2018 7 12,shpe,18,1
hab2 2018 7 12,shsc,0,0
hab2 2018 7 12,sisc,0,0
hab2 2018 7 12,smsc,0,0
hab2 2018 7 12,snpr,0,0
hab2 2018 7 12,stfl,2,1
hab2 2018 7 12,stke,0,0
hab2 2018 7 12,stpe,0,0
hab2 2018 7 12,stsc,3,1
hab2 2018 7 12,susm,1,1
hab2 2018 7 12,thst,0,0
hab2 2018 7 12,tisc,0,0
hab2 2018 7 12,tomc,0,0
hab2 2018 7 12,tube,0,0
hab2 2018 7 12,tupo,0,0
hab2 2018 7 12,unar,0,0
hab2 2018 7 12,unco,0,0
hab2 2018 7 12,unfl,0,0
hab2 2018 7 12,unla,1,0
hab2 2018 7 12,unro,0,0
hab2 2018 7 12,unsc,0,0
hab2 2018 7 12,wall,0,0
hab2 2018 7 12,whgr,0,0
hab2 2018 7 12,yero,0,0
hab4 2018 7 11,bago,0,0
hab4 2018 7 11,bapi,12,1
hab4 2018 7 11,blgo,2,1
hab4 2018 7 11,blro,0,0
hab4 2018 7 11,boro,0,0
hab4 2018 7 11,busc,3,1
hab4 2018 7 11,byro,0,0
hab4 2018 7 11,cabe,0,0
hab4 2018 7 11,chin,0,0
hab4 2018 7 11,coho,0,0
hab4 2018 7 11,coro,0,0
hab4 2018 7 11,coso,0,0
hab4 2018 7 11,cqbr,0,0
hab4 2018 7 11,crgu,64,1
hab4 2018 7 11,dova,0,0
hab4 2018 7 11,enso,17,1
hab4 2018 7 11,grsc,92,1
hab4 2018 7 11,herr,0,0
hab4 2018 7 11,hico,2,1
hab4 2018 7 11,kecl,0,0
hab4 2018 7 11,kegr,0,0
hab4 2018 7 11,kepe,0,0
hab4 2018 7 11,ling,5,1
hab4 2018 7 11,losc,0,0
hab4 2018 7 11,masc,0,0
hab4 2018 7 11,nocl,0,0
hab4 2018 7 11,paco,0,0
hab4 2018 7 11,pagr,0,0
hab4 2018 7 11,pasa,2,1
hab4 2018 7 11,pasc,0,0
hab4 2018 7 11,pasf,0,0
hab4 2018 7 11,pegu,6,1
hab4 2018 7 11,pipe,0,0
hab4 2018 7 11,pypo,0,0
hab4 2018 7 11,qbro,0,0
hab4 2018 7 11,rbsc,0,0
hab4 2018 7 11,reil,2,1
hab4 2018 7 11,repe,0,0
hab4 2018 7 11,rogr,0,0
hab4 2018 7 11,rosc,0,0
hab4 2018 7 11,roso,0,0
hab4 2018 7 11,sand,0,0
hab4 2018 7 11,sasc,0,0
hab4 2018 7 11,saso,0,0
hab4 2018 7 11,scsc,0,0
hab4 2018 7 11,shpe,5,1
hab4 2018 7 11,shsc,0,0
hab4 2018 7 11,sisc,0,0
hab4 2018 7 11,smsc,0,0
hab4 2018 7 11,snpr,1,1
hab4 2018 7 11,stfl,25,1
hab4 2018 7 11,stke,0,0
hab4 2018 7 11,stpe,0,0
hab4 2018 7 11,stsc,88,1
hab4 2018 7 11,susm,2,1
hab4 2018 7 11,thst,1,1
hab4 2018 7 11,tisc,40,1
hab4 2018 7 11,tomc,0,0
hab4 2018 7 11,tube,0,0
hab4 2018 7 11,tupo,0,0
hab4 2018 7 11,unar,1,1
hab4 2018 7 11,unco,1,1
hab4 2018 7 11,unfl,0,0
hab4 2018 7 11,unla,10,0
hab4 2018 7 11,unro,0,0
hab4 2018 7 11,unsc,0,0
hab4 2018 7 11,wall,0,0
hab4 2018 7 11,whgr,1,1
hab4 2018 7 11,yero,0,0
hdo 2018 7 11,bago,0,0
hdo 2018 7 11,bapi,38,1
hdo 2018 7 11,blgo,0,0
hdo 2018 7 11,blro,0,0
hdo 2018 7 11,boro,0,0
hdo 2018 7 11,busc,1,1
hdo 2018 7 11,byro,0,0
hdo 2018 7 11,cabe,1,1
hdo 2018 7 11,chin,0,0
hdo 2018 7 11,coho,0,0
hdo 2018 7 11,coro,0,0
hdo 2018 7 11,coso,0,0
hdo 2018 7 11,cqbr,0,0
hdo 2018 7 11,crgu,1,1
hdo 2018 7 11,dova,0,0
hdo 2018 7 11,enso,14,1
hdo 2018 7 11,grsc,14,1
hdo 2018 7 11,herr,0,0
hdo 2018 7 11,hico,0,0
hdo 2018 7 11,kecl,0,0
hdo 2018 7 11,kegr,0,0
hdo 2018 7 11,kepe,0,0
hdo 2018 7 11,ling,4,1
hdo 2018 7 11,losc,0,0
hdo 2018 7 11,masc,0,0
hdo 2018 7 11,nocl,0,0
hdo 2018 7 11,paco,0,0
hdo 2018 7 11,pagr,0,0
hdo 2018 7 11,pasa,14,1
hdo 2018 7 11,pasc,0,0
hdo 2018 7 11,pasf,0,0
hdo 2018 7 11,pegu,0,0
hdo 2018 7 11,pipe,0,0
hdo 2018 7 11,pypo,0,0
hdo 2018 7 11,qbro,0,0
hdo 2018 7 11,rbsc,0,0
hdo 2018 7 11,reil,0,0
hdo 2018 7 11,repe,0,0
hdo 2018 7 11,rogr,0,0
hdo 2018 7 11,rosc,0,0
hdo 2018 7 11,roso,0,0
hdo 2018 7 11,sand,0,0
hdo 2018 7 11,sasc,0,0
hdo 2018 7 11,saso,0,0
hdo 2018 7 11,scsc,0,0
hdo 2018 7 11,shpe,116,1
hdo 2018 7 11,shsc,0,0
hdo 2018 7 11,sisc,1,1
hdo 2018 7 11,smsc,0,0
hdo 2018 7 11,snpr,1,1
hdo 2018 7 11,stfl,3,1
hdo 2018 7 11,stke,0,0
hdo 2018 7 11,stpe,0,0
hdo 2018 7 11,stsc,80,1
hdo 2018 7 11,susm,0,0
hdo 2018 7 11,thst,42,1
hdo 2018 7 11,tisc,0,0
hdo 2018 7 11,tomc,1,1
hdo 2018 7 11,tube,1,1
hdo 2018 7 11,tupo,0,0
hdo 2018 7 11,unar,0,0
hdo 2018 7 11,unco,0,0
hdo 2018 7 11,unfl,0,0
hdo 2018 7 11,unla,29,0
hdo 2018 7 11,unro,0,0
hdo 2018 7 11,unsc,0,0
hdo 2018 7 11,wall,0,0
hdo 2018 7 11,whgr,0,0
hdo 2018 7 11,yero,0,0
hdo 2018 8 23,bago,0,0
hdo 2018 8 23,bapi,2,1
hdo 2018 8 23,blgo,0,0
hdo 2018 8 23,blro,0,0
hdo 2018 8 23,boro,0,0
hdo 2018 8 23,busc,0,0
hdo 2018 8 23,byro,0,0
hdo 2018 8 23,cabe,0,0
hdo 2018 8 23,chin,0,0
hdo 2018 8 23,coho,0,0
hdo 2018 8 23,coro,0,0
hdo 2018 8 23,coso,0,0
hdo 2018 8 23,cqbr,0,0
hdo 2018 8 23,crgu,0,0
hdo 2018 8 23,dova,0,0
hdo 2018 8 23,enso,6,1
hdo 2018 8 23,grsc,4,1
hdo 2018 8 23,herr,0,0
hdo 2018 8 23,hico,0,0
hdo 2018 8 23,kecl,0,0
hdo 2018 8 23,kegr,0,0
hdo 2018 8 23,kepe,0,0
hdo 2018 8 23,ling,0,0
hdo 2018 8 23,losc,0,0
hdo 2018 8 23,masc,0,0
hdo 2018 8 23,nocl,0,0
hdo 2018 8 23,paco,0,0
hdo 2018 8 23,pagr,0,0
hdo 2018 8 23,pasa,3,1
hdo 2018 8 23,pasc,0,0
hdo 2018 8 23,pasf,0,0
hdo 2018 8 23,pegu,0,0
hdo 2018 8 23,pipe,0,0
hdo 2018 8 23,pypo,0,0
hdo 2018 8 23,qbro,0,0
hdo 2018 8 23,rbsc,0,0
hdo 2018 8 23,reil,0,0
hdo 2018 8 23,repe,0,0
hdo 2018 8 23,rogr,0,0
hdo 2018 8 23,rosc,0,0
hdo 2018 8 23,roso,0,0
hdo 2018 8 23,sand,0,0
hdo 2018 8 23,sasc,0,0
hdo 2018 8 23,saso,0,0
hdo 2018 8 23,scsc,0,0
hdo 2018 8 23,shpe,131,1
hdo 2018 8 23,shsc,0,0
hdo 2018 8 23,sisc,0,0
hdo 2018 8 23,smsc,0,0
hdo 2018 8 23,snpr,0,0
hdo 2018 8 23,stfl,5,1
hdo 2018 8 23,stke,0,0
hdo 2018 8 23,stpe,0,0
hdo 2018 8 23,stsc,112,1
hdo 2018 8 23,susm,0,0
hdo 2018 8 23,thst,73,1
hdo 2018 8 23,tisc,3,1
hdo 2018 8 23,tomc,0,0
hdo 2018 8 23,tube,0,0
hdo 2018 8 23,tupo,0,0
hdo 2018 8 23,unar,1,1
hdo 2018 8 23,unco,0,0
hdo 2018 8 23,unfl,0,0
hdo 2018 8 23,unla,0,0
hdo 2018 8 23,unro,0,0
hdo 2018 8 23,unsc,0,0
hdo 2018 8 23,wall,0,0
hdo 2018 8 23,whgr,0,0
hdo 2018 8 23,yero,0,0
hdo 2019 7 29,bago,0,0
hdo 2019 7 29,bapi,22,1
hdo 2019 7 29,blgo,0,0
hdo 2019 7 29,blro,0,0
hdo 2019 7 29,boro,0,0
hdo 2019 7 29,busc,0,0
hdo 2019 7 29,byro,0,0
hdo 2019 7 29,cabe,0,0
hdo 2019 7 29,chin,0,0
hdo 2019 7 29,coho,0,0
hdo 2019 7 29,coro,0,0
hdo 2019 7 29,coso,0,0
hdo 2019 7 29,cqbr,0,0
hdo 2019 7 29,crgu,2,1
hdo 2019 7 29,dova,0,0
hdo 2019 7 29,enso,15,1
hdo 2019 7 29,grsc,1,1
hdo 2019 7 29,herr,0,0
hdo 2019 7 29,hico,0,0
hdo 2019 7 29,kecl,0,0
hdo 2019 7 29,kegr,0,0
hdo 2019 7 29,kepe,0,0
hdo 2019 7 29,ling,0,0
hdo 2019 7 29,losc,0,0
hdo 2019 7 29,masc,0,0
hdo 2019 7 29,nocl,0,0
hdo 2019 7 29,paco,0,0
hdo 2019 7 29,pagr,0,0
hdo 2019 7 29,pasa,8,1
hdo 2019 7 29,pasc,0,0
hdo 2019 7 29,pasf,0,0
hdo 2019 7 29,pegu,0,0
hdo 2019 7 29,pipe,0,0
hdo 2019 7 29,pypo,0,0
hdo 2019 7 29,qbro,0,0
hdo 2019 7 29,rbsc,0,0
hdo 2019 7 29,reil,0,0
hdo 2019 7 29,repe,0,0
hdo 2019 7 29,rogr,0,0
hdo 2019 7 29,rosc,0,0
hdo 2019 7 29,roso,0,0
hdo 2019 7 29,sand,0,0
hdo 2019 7 29,sasc,0,0
hdo 2019 7 29,saso,0,0
hdo 2019 7 29,scsc,0,0
hdo 2019 7 29,shpe,424,1
hdo 2019 7 29,shsc,1,1
hdo 2019 7 29,sisc,0,0
hdo 2019 7 29,smsc,0,0
hdo 2019 7 29,snpr,0,0
hdo 2019 7 29,stfl,1,1
hdo 2019 7 29,stke,0,0
hdo 2019 7 29,stpe,0,0
hdo 2019 7 29,stsc,93,1
hdo 2019 7 29,susm,0,0
hdo 2019 7 29,thst,1,1
hdo 2019 7 29,tisc,17,1
hdo 2019 7 29,tomc,0,0
hdo 2019 7 29,tube,0,0
hdo 2019 7 29,tupo,0,0
hdo 2019 7 29,unar,0,0
hdo 2019 7 29,unco,0,0
hdo 2019 7 29,unfl,0,0
hdo 2019 7 29,unla,0,0
hdo 2019 7 29,unro,0,0
hdo 2019 7 29,unsc,0,0
hdo 2019 7 29,wall,0,0
hdo 2019 7 29,whgr,0,0
hdo 2019 7 29,yero,0,0
hdo 2020 7 19,bago,1,1
hdo 2020 7 19,bapi,96,1
hdo 2020 7 19,blgo,0,0
hdo 2020 7 19,blro,0,0
hdo 2020 7 19,boro,0,0
hdo 2020 7 19,busc,0,0
hdo 2020 7 19,byro,1,1
hdo 2020 7 19,cabe,0,0
hdo 2020 7 19,chin,0,0
hdo 2020 7 19,coho,0,0
hdo 2020 7 19,coro,0,0
hdo 2020 7 19,coso,0,0
hdo 2020 7 19,cqbr,0,0
hdo 2020 7 19,crgu,7,1
hdo 2020 7 19,dova,0,0
hdo 2020 7 19,enso,1,1
hdo 2020 7 19,grsc,0,0
hdo 2020 7 19,herr,0,0
hdo 2020 7 19,hico,0,0
hdo 2020 7 19,kecl,0,0
hdo 2020 7 19,kegr,8,1
hdo 2020 7 19,kepe,0,0
hdo 2020 7 19,ling,20,1
hdo 2020 7 19,losc,0,0
hdo 2020 7 19,masc,0,0
hdo 2020 7 19,nocl,0,0
hdo 2020 7 19,paco,0,0
hdo 2020 7 19,pagr,0,0
hdo 2020 7 19,pasa,8,1
hdo 2020 7 19,pasc,0,0
hdo 2020 7 19,pasf,0,0
hdo 2020 7 19,pegu,0,0
hdo 2020 7 19,pipe,0,0
hdo 2020 7 19,pypo,0,0
hdo 2020 7 19,qbro,0,0
hdo 2020 7 19,rbsc,0,0
hdo 2020 7 19,reil,0,0
hdo 2020 7 19,repe,0,0
hdo 2020 7 19,rogr,0,0
hdo 2020 7 19,rosc,0,0
hdo 2020 7 19,roso,0,0
hdo 2020 7 19,sand,0,0
hdo 2020 7 19,sasc,0,0
hdo 2020 7 19,saso,0,0
hdo 2020 7 19,scsc,0,0
hdo 2020 7 19,shpe,104,1
hdo 2020 7 19,shsc,0,0
hdo 2020 7 19,sisc,4,1
hdo 2020 7 19,smsc,0,0
hdo 2020 7 19,snpr,1,1
hdo 2020 7 19,stfl,0,0
hdo 2020 7 19,stke,0,0
hdo 2020 7 19,stpe,0,0
hdo 2020 7 19,stsc,89,1
hdo 2020 7 19,susm,0,0
hdo 2020 7 19,thst,28,1
hdo 2020 7 19,tisc,4,1
hdo 2020 7 19,tomc,0,0
hdo 2020 7 19,tube,0,0
hdo 2020 7 19,tupo,0,0
hdo 2020 7 19,unar,0,0
hdo 2020 7 19,unco,0,0
hdo 2020 7 19,unfl,0,0
hdo 2020 7 19,unla,0,0
hdo 2020 7 19,unro,0,0
hdo 2020 7 19,unsc,0,0
hdo 2020 7 19,wall,0,0
hdo 2020 7 19,whgr,0,0
hdo 2020 7 19,yero,0,0
kis1 2018 7 13,bago,0,0
kis1 2018 7 13,bapi,4,1
kis1 2018 7 13,blgo,0,0
kis1 2018 7 13,blro,0,0
kis1 2018 7 13,boro,0,0
kis1 2018 7 13,busc,6,1
kis1 2018 7 13,byro,11,1
kis1 2018 7 13,cabe,1,1
kis1 2018 7 13,chin,0,0
kis1 2018 7 13,coho,0,0
kis1 2018 7 13,coro,1,1
kis1 2018 7 13,coso,0,0
kis1 2018 7 13,cqbr,0,0
kis1 2018 7 13,crgu,18,1
kis1 2018 7 13,dova,0,0
kis1 2018 7 13,enso,23,1
kis1 2018 7 13,grsc,0,0
kis1 2018 7 13,herr,0,0
kis1 2018 7 13,hico,0,0
kis1 2018 7 13,kecl,0,0
kis1 2018 7 13,kegr,9,1
kis1 2018 7 13,kepe,0,0
kis1 2018 7 13,ling,0,0
kis1 2018 7 13,losc,0,0
kis1 2018 7 13,masc,15,1
kis1 2018 7 13,nocl,0,0
kis1 2018 7 13,paco,0,0
kis1 2018 7 13,pagr,0,0
kis1 2018 7 13,pasa,3,1
kis1 2018 7 13,pasc,0,0
kis1 2018 7 13,pasf,0,0
kis1 2018 7 13,pegu,13,1
kis1 2018 7 13,pipe,0,0
kis1 2018 7 13,pypo,0,0
kis1 2018 7 13,qbro,0,0
kis1 2018 7 13,rbsc,2,1
kis1 2018 7 13,reil,3,1
kis1 2018 7 13,repe,0,0
kis1 2018 7 13,rogr,0,0
kis1 2018 7 13,rosc,0,0
kis1 2018 7 13,roso,0,0
kis1 2018 7 13,sand,28,1
kis1 2018 7 13,sasc,0,0
kis1 2018 7 13,saso,0,0
kis1 2018 7 13,scsc,0,0
kis1 2018 7 13,shpe,27,1
kis1 2018 7 13,shsc,0,0
kis1 2018 7 13,sisc,2,1
kis1 2018 7 13,smsc,0,0
kis1 2018 7 13,snpr,0,0
kis1 2018 7 13,stfl,0,0
kis1 2018 7 13,stke,0,0
kis1 2018 7 13,stpe,0,0
kis1 2018 7 13,stsc,1,1
kis1 2018 7 13,susm,0,0
kis1 2018 7 13,thst,0,0
kis1 2018 7 13,tisc,1,1
kis1 2018 7 13,tomc,0,0
kis1 2018 7 13,tube,2,1
kis1 2018 7 13,tupo,0,0
kis1 2018 7 13,unar,6,1
kis1 2018 7 13,unco,0,0
kis1 2018 7 13,unfl,0,0
kis1 2018 7 13,unla,0,0
kis1 2018 7 13,unro,0,0
kis1 2018 7 13,unsc,2,1
kis1 2018 7 13,wall,0,0
kis1 2018 7 13,whgr,0,0
kis1 2018 7 13,yero,0,0
kis1 2019 8 1,bago,0,0
kis1 2019 8 1,bapi,10,1
kis1 2019 8 1,blgo,0,0
kis1 2019 8 1,blro,0,0
kis1 2019 8 1,boro,0,0
kis1 2019 8 1,busc,13,1
kis1 2019 8 1,byro,49,1
kis1 2019 8 1,cabe,1,1
kis1 2019 8 1,chin,0,0
kis1 2019 8 1,coho,0,0
kis1 2019 8 1,coro,0,0
kis1 2019 8 1,coso,7,1
kis1 2019 8 1,cqbr,1,1
kis1 2019 8 1,crgu,17,1
kis1 2019 8 1,dova,0,0
kis1 2019 8 1,enso,2,1
kis1 2019 8 1,grsc,0,0
kis1 2019 8 1,herr,0,0
kis1 2019 8 1,hico,0,0
kis1 2019 8 1,kecl,0,0
kis1 2019 8 1,kegr,18,1
kis1 2019 8 1,kepe,0,0
kis1 2019 8 1,ling,0,0
kis1 2019 8 1,losc,1,1
kis1 2019 8 1,masc,0,0
kis1 2019 8 1,nocl,0,0
kis1 2019 8 1,paco,0,0
kis1 2019 8 1,pagr,0,0
kis1 2019 8 1,pasa,10,1
kis1 2019 8 1,pasc,0,0
kis1 2019 8 1,pasf,0,0
kis1 2019 8 1,pegu,5,1
kis1 2019 8 1,pipe,0,0
kis1 2019 8 1,pypo,0,0
kis1 2019 8 1,qbro,0,0
kis1 2019 8 1,rbsc,1,1
kis1 2019 8 1,reil,0,0
kis1 2019 8 1,repe,0,0
kis1 2019 8 1,rogr,0,0
kis1 2019 8 1,rosc,0,0
kis1 2019 8 1,roso,0,0
kis1 2019 8 1,sand,79,1
kis1 2019 8 1,sasc,0,0
kis1 2019 8 1,saso,0,0
kis1 2019 8 1,scsc,0,0
kis1 2019 8 1,shpe,18,1
kis1 2019 8 1,shsc,0,0
kis1 2019 8 1,sisc,0,0
kis1 2019 8 1,smsc,3,1
kis1 2019 8 1,snpr,0,0
kis1 2019 8 1,stfl,0,0
kis1 2019 8 1,stke,0,0
kis1 2019 8 1,stpe,0,0
kis1 2019 8 1,stsc,1,1
kis1 2019 8 1,susm,0,0
kis1 2019 8 1,thst,0,0
kis1 2019 8 1,tisc,9,1
kis1 2019 8 1,tomc,0,0
kis1 2019 8 1,tube,6,1
kis1 2019 8 1,tupo,0,0
kis1 2019 8 1,unar,1,1
kis1 2019 8 1,unco,0,0
kis1 2019 8 1,unfl,0,0
kis1 2019 8 1,unla,0,0
kis1 2019 8 1,unro,0,0
kis1 2019 8 1,unsc,1,1
kis1 2019 8 1,wall,0,0
kis1 2019 8 1,whgr,0,0
kis1 2019 8 1,yero,0,0
kis1 2020 7 24,bago,0,0
kis1 2020 7 24,bapi,12,1
kis1 2020 7 24,blgo,0,0
kis1 2020 7 24,blro,25,1
kis1 2020 7 24,boro,0,0
kis1 2020 7 24,busc,4,1
kis1 2020 7 24,byro,8,1
kis1 2020 7 24,cabe,0,0
kis1 2020 7 24,chin,0,0
kis1 2020 7 24,coho,0,0
kis1 2020 7 24,coro,2,1
kis1 2020 7 24,coso,8,1
kis1 2020 7 24,cqbr,12,1
kis1 2020 7 24,crgu,21,1
kis1 2020 7 24,dova,0,0
kis1 2020 7 24,enso,11,1
kis1 2020 7 24,grsc,0,0
kis1 2020 7 24,herr,0,0
kis1 2020 7 24,hico,0,0
kis1 2020 7 24,kecl,0,0
kis1 2020 7 24,kegr,8,1
kis1 2020 7 24,kepe,1,1
kis1 2020 7 24,ling,1,1
kis1 2020 7 24,losc,0,0
kis1 2020 7 24,masc,3,1
kis1 2020 7 24,nocl,0,0
kis1 2020 7 24,paco,0,0
kis1 2020 7 24,pagr,0,0
kis1 2020 7 24,pasa,1,1
kis1 2020 7 24,pasc,0,0
kis1 2020 7 24,pasf,0,0
kis1 2020 7 24,pegu,3,1
kis1 2020 7 24,pipe,0,0
kis1 2020 7 24,pypo,0,0
kis1 2020 7 24,qbro,0,0
kis1 2020 7 24,rbsc,6,1
kis1 2020 7 24,reil,0,0
kis1 2020 7 24,repe,0,0
kis1 2020 7 24,rogr,0,0
kis1 2020 7 24,rosc,0,0
kis1 2020 7 24,roso,1,1
kis1 2020 7 24,sand,11,1
kis1 2020 7 24,sasc,0,0
kis1 2020 7 24,saso,1,1
kis1 2020 7 24,scsc,0,0
kis1 2020 7 24,shpe,46,1
kis1 2020 7 24,shsc,0,0
kis1 2020 7 24,sisc,4,1
kis1 2020 7 24,smsc,4,1
kis1 2020 7 24,snpr,0,0
kis1 2020 7 24,stfl,0,0
kis1 2020 7 24,stke,0,0
kis1 2020 7 24,stpe,0,0
kis1 2020 7 24,stsc,1,1
kis1 2020 7 24,susm,0,0
kis1 2020 7 24,thst,0,0
kis1 2020 7 24,tisc,7,1
kis1 2020 7 24,tomc,0,0
kis1 2020 7 24,tube,22,1
kis1 2020 7 24,tupo,0,0
kis1 2020 7 24,unar,0,0
kis1 2020 7 24,unco,0,0
kis1 2020 7 24,unfl,0,0
kis1 2020 7 24,unla,0,0
kis1 2020 7 24,unro,0,0
kis1 2020 7 24,unsc,0,0
kis1 2020 7 24,wall,0,0
kis1 2020 7 24,whgr,0,0
kis1 2020 7 24,yero,0,0
kis2 2018 7 13,bago,0,0
kis2 2018 7 13,bapi,3,1
kis2 2018 7 13,blgo,0,0
kis2 2018 7 13,blro,0,0
kis2 2018 7 13,boro,0,0
kis2 2018 7 13,busc,4,1
kis2 2018 7 13,byro,4,1
kis2 2018 7 13,cabe,1,1
kis2 2018 7 13,chin,0,0
kis2 2018 7 13,coho,0,0
kis2 2018 7 13,coro,0,0
kis2 2018 7 13,coso,0,0
kis2 2018 7 13,cqbr,0,0
kis2 2018 7 13,crgu,4,1
kis2 2018 7 13,dova,0,0
kis2 2018 7 13,enso,35,1
kis2 2018 7 13,grsc,0,0
kis2 2018 7 13,herr,3170,1
kis2 2018 7 13,hico,1,1
kis2 2018 7 13,kecl,0,0
kis2 2018 7 13,kegr,34,1
kis2 2018 7 13,kepe,0,0
kis2 2018 7 13,ling,1,1
kis2 2018 7 13,losc,0,0
kis2 2018 7 13,masc,22,1
kis2 2018 7 13,nocl,0,0
kis2 2018 7 13,paco,3,1
kis2 2018 7 13,pagr,0,0
kis2 2018 7 13,pasa,16,1
kis2 2018 7 13,pasc,0,0
kis2 2018 7 13,pasf,0,0
kis2 2018 7 13,pegu,5,1
kis2 2018 7 13,pipe,0,0
kis2 2018 7 13,pypo,0,0
kis2 2018 7 13,qbro,0,0
kis2 2018 7 13,rbsc,0,0
kis2 2018 7 13,reil,6,1
kis2 2018 7 13,repe,0,0
kis2 2018 7 13,rogr,1,1
kis2 2018 7 13,rosc,0,0
kis2 2018 7 13,roso,0,0
kis2 2018 7 13,sand,2420,1
kis2 2018 7 13,sasc,0,0
kis2 2018 7 13,saso,1,1
kis2 2018 7 13,scsc,0,0
kis2 2018 7 13,shpe,13,1
kis2 2018 7 13,shsc,0,0
kis2 2018 7 13,sisc,0,0
kis2 2018 7 13,smsc,0,0
kis2 2018 7 13,snpr,0,0
kis2 2018 7 13,stfl,0,0
kis2 2018 7 13,stke,0,0
kis2 2018 7 13,stpe,0,0
kis2 2018 7 13,stsc,1,1
kis2 2018 7 13,susm,0,0
kis2 2018 7 13,thst,0,0
kis2 2018 7 13,tisc,0,0
kis2 2018 7 13,tomc,0,0
kis2 2018 7 13,tube,0,0
kis2 2018 7 13,tupo,0,0
kis2 2018 7 13,unar,3,1
kis2 2018 7 13,unco,0,0
kis2 2018 7 13,unfl,0,0
kis2 2018 7 13,unla,0,0
kis2 2018 7 13,unro,0,0
kis2 2018 7 13,unsc,0,0
kis2 2018 7 13,wall,0,0
kis2 2018 7 13,whgr,1,1
kis2 2018 7 13,yero,0,0
kis2 2019 8 1,bago,0,0
kis2 2019 8 1,bapi,77,1
kis2 2019 8 1,blgo,1,1
kis2 2019 8 1,blro,0,0
kis2 2019 8 1,boro,0,0
kis2 2019 8 1,busc,0,0
kis2 2019 8 1,byro,67,1
kis2 2019 8 1,cabe,8,1
kis2 2019 8 1,chin,0,0
kis2 2019 8 1,coho,0,0
kis2 2019 8 1,coro,0,0
kis2 2019 8 1,coso,0,0
kis2 2019 8 1,cqbr,20,1
kis2 2019 8 1,crgu,8,1
kis2 2019 8 1,dova,0,0
kis2 2019 8 1,enso,8,1
kis2 2019 8 1,grsc,0,0
kis2 2019 8 1,herr,0,0
kis2 2019 8 1,hico,0,0
kis2 2019 8 1,kecl,0,0
kis2 2019 8 1,kegr,12,1
kis2 2019 8 1,kepe,1,1
kis2 2019 8 1,ling,0,0
kis2 2019 8 1,losc,0,0
kis2 2019 8 1,masc,3,1
kis2 2019 8 1,nocl,3,1
kis2 2019 8 1,paco,0,0
kis2 2019 8 1,pagr,0,0
kis2 2019 8 1,pasa,2,1
kis2 2019 8 1,pasc,0,0
kis2 2019 8 1,pasf,0,0
kis2 2019 8 1,pegu,4,1
kis2 2019 8 1,pipe,0,0
kis2 2019 8 1,pypo,0,0
kis2 2019 8 1,qbro,0,0
kis2 2019 8 1,rbsc,0,0
kis2 2019 8 1,reil,1,1
kis2 2019 8 1,repe,0,0
kis2 2019 8 1,rogr,0,0
kis2 2019 8 1,rosc,0,0
kis2 2019 8 1,roso,0,0
kis2 2019 8 1,sand,0,0
kis2 2019 8 1,sasc,0,0
kis2 2019 8 1,saso,0,0
kis2 2019 8 1,scsc,0,0
kis2 2019 8 1,shpe,29,1
kis2 2019 8 1,shsc,0,0
kis2 2019 8 1,sisc,1,1
kis2 2019 8 1,smsc,0,0
kis2 2019 8 1,snpr,0,0
kis2 2019 8 1,stfl,0,0
kis2 2019 8 1,stke,1,1
kis2 2019 8 1,stpe,9,1
kis2 2019 8 1,stsc,1,1
kis2 2019 8 1,susm,0,0
kis2 2019 8 1,thst,0,0
kis2 2019 8 1,tisc,44,1
kis2 2019 8 1,tomc,0,0
kis2 2019 8 1,tube,1,1
kis2 2019 8 1,tupo,0,0
kis2 2019 8 1,unar,1,1
kis2 2019 8 1,unco,0,0
kis2 2019 8 1,unfl,0,0
kis2 2019 8 1,unla,0,0
kis2 2019 8 1,unro,2,1
kis2 2019 8 1,unsc,0,0
kis2 2019 8 1,wall,0,0
kis2 2019 8 1,whgr,0,0
kis2 2019 8 1,yero,0,0
kis2 2020 7 24,bago,0,0
kis2 2020 7 24,bapi,19,1
kis2 2020 7 24,blgo,0,0
kis2 2020 7 24,blro,0,0
kis2 2020 7 24,boro,0,0
kis2 2020 7 24,busc,11,1
kis2 2020 7 24,byro,11,1
kis2 2020 7 24,cabe,1,1
kis2 2020 7 24,chin,0,0
kis2 2020 7 24,coho,0,0
kis2 2020 7 24,coro,0,0
kis2 2020 7 24,coso,0,0
kis2 2020 7 24,cqbr,8,1
kis2 2020 7 24,crgu,29,1
kis2 2020 7 24,dova,0,0
kis2 2020 7 24,enso,19,1
kis2 2020 7 24,grsc,0,0
kis2 2020 7 24,herr,0,0
kis2 2020 7 24,hico,0,0
kis2 2020 7 24,kecl,0,0
kis2 2020 7 24,kegr,21,1
kis2 2020 7 24,kepe,0,0
kis2 2020 7 24,ling,1,1
kis2 2020 7 24,losc,0,0
kis2 2020 7 24,masc,1,1
kis2 2020 7 24,nocl,8,1
kis2 2020 7 24,paco,0,0
kis2 2020 7 24,pagr,0,0
kis2 2020 7 24,pasa,2,1
kis2 2020 7 24,pasc,1,1
kis2 2020 7 24,pasf,0,0
kis2 2020 7 24,pegu,1,1
kis2 2020 7 24,pipe,0,0
kis2 2020 7 24,pypo,0,0
kis2 2020 7 24,qbro,0,0
kis2 2020 7 24,rbsc,7,1
kis2 2020 7 24,reil,0,0
kis2 2020 7 24,repe,0,0
kis2 2020 7 24,rogr,0,0
kis2 2020 7 24,rosc,0,0
kis2 2020 7 24,roso,2,1
kis2 2020 7 24,sand,0,0
kis2 2020 7 24,sasc,0,0
kis2 2020 7 24,saso,3,1
kis2 2020 7 24,scsc,0,0
kis2 2020 7 24,shpe,9,1
kis2 2020 7 24,shsc,0,0
kis2 2020 7 24,sisc,0,0
kis2 2020 7 24,smsc,5,1
kis2 2020 7 24,snpr,0,0
kis2 2020 7 24,stfl,0,0
kis2 2020 7 24,stke,0,0
kis2 2020 7 24,stpe,1,1
kis2 2020 7 24,stsc,2,1
kis2 2020 7 24,susm,0,0
kis2 2020 7 24,thst,0,0
kis2 2020 7 24,tisc,13,1
kis2 2020 7 24,tomc,0,0
kis2 2020 7 24,tube,4,1
kis2 2020 7 24,tupo,0,0
kis2 2020 7 24,unar,0,0
kis2 2020 7 24,unco,0,0
kis2 2020 7 24,unfl,0,0
kis2 2020 7 24,unla,0,0
kis2 2020 7 24,unro,0,0
kis2 2020 7 24,unsc,0,0
kis2 2020 7 24,wall,0,0
kis2 2020 7 24,whgr,0,0
kis2 2020 7 24,yero,0,0
koe1 2018 7 18,bago,0,0
koe1 2018 7 18,bapi,2,1
koe1 2018 7 18,blgo,0,0
koe1 2018 7 18,blro,0,0
koe1 2018 7 18,boro,0,0
koe1 2018 7 18,busc,0,0
koe1 2018 7 18,byro,0,0
koe1 2018 7 18,cabe,0,0
koe1 2018 7 18,chin,0,0
koe1 2018 7 18,coho,24,1
koe1 2018 7 18,coro,0,0
koe1 2018 7 18,coso,0,0
koe1 2018 7 18,cqbr,0,0
koe1 2018 7 18,crgu,0,0
koe1 2018 7 18,dova,1,1
koe1 2018 7 18,enso,115,1
koe1 2018 7 18,grsc,0,0
koe1 2018 7 18,herr,0,0
koe1 2018 7 18,hico,0,0
koe1 2018 7 18,kecl,0,0
koe1 2018 7 18,kegr,0,0
koe1 2018 7 18,kepe,0,0
koe1 2018 7 18,ling,0,0
koe1 2018 7 18,losc,0,0
koe1 2018 7 18,masc,0,0
koe1 2018 7 18,nocl,0,0
koe1 2018 7 18,paco,0,0
koe1 2018 7 18,pagr,0,0
koe1 2018 7 18,pasa,67,1
koe1 2018 7 18,pasc,0,0
koe1 2018 7 18,pasf,0,0
koe1 2018 7 18,pegu,0,0
koe1 2018 7 18,pipe,0,0
koe1 2018 7 18,pypo,0,0
koe1 2018 7 18,qbro,0,0
koe1 2018 7 18,rbsc,0,0
koe1 2018 7 18,reil,0,0
koe1 2018 7 18,repe,0,0
koe1 2018 7 18,rogr,0,0
koe1 2018 7 18,rosc,0,0
koe1 2018 7 18,roso,0,0
koe1 2018 7 18,sand,1,1
koe1 2018 7 18,sasc,0,0
koe1 2018 7 18,saso,46,1
koe1 2018 7 18,scsc,0,0
koe1 2018 7 18,shpe,0,0
koe1 2018 7 18,shsc,0,0
koe1 2018 7 18,sisc,0,0
koe1 2018 7 18,smsc,0,0
koe1 2018 7 18,snpr,0,0
koe1 2018 7 18,stfl,3,1
koe1 2018 7 18,stke,0,0
koe1 2018 7 18,stpe,0,0
koe1 2018 7 18,stsc,7,1
koe1 2018 7 18,susm,0,0
koe1 2018 7 18,thst,0,0
koe1 2018 7 18,tisc,1,1
koe1 2018 7 18,tomc,0,0
koe1 2018 7 18,tube,0,0
koe1 2018 7 18,tupo,0,0
koe1 2018 7 18,unar,0,0
koe1 2018 7 18,unco,0,0
koe1 2018 7 18,unfl,0,0
koe1 2018 7 18,unla,0,0
koe1 2018 7 18,unro,0,0
koe1 2018 7 18,unsc,0,0
koe1 2018 7 18,wall,0,0
koe1 2018 7 18,whgr,0,0
koe1 2018 7 18,yero,0,0
koe1 2019 8 4,bago,0,0
koe1 2019 8 4,bapi,3,1
koe1 2019 8 4,blgo,0,0
koe1 2019 8 4,blro,0,0
koe1 2019 8 4,boro,0,0
koe1 2019 8 4,busc,0,0
koe1 2019 8 4,byro,0,0
koe1 2019 8 4,cabe,0,0
koe1 2019 8 4,chin,0,0
koe1 2019 8 4,coho,0,0
koe1 2019 8 4,coro,0,0
koe1 2019 8 4,coso,0,0
koe1 2019 8 4,cqbr,0,0
koe1 2019 8 4,crgu,0,0
koe1 2019 8 4,dova,1,1
koe1 2019 8 4,enso,297,1
koe1 2019 8 4,grsc,0,0
koe1 2019 8 4,herr,0,0
koe1 2019 8 4,hico,0,0
koe1 2019 8 4,kecl,0,0
koe1 2019 8 4,kegr,0,0
koe1 2019 8 4,kepe,0,0
koe1 2019 8 4,ling,0,0
koe1 2019 8 4,losc,0,0
koe1 2019 8 4,masc,0,0
koe1 2019 8 4,nocl,0,0
koe1 2019 8 4,paco,0,0
koe1 2019 8 4,pagr,0,0
koe1 2019 8 4,pasa,180,1
koe1 2019 8 4,pasc,0,0
koe1 2019 8 4,pasf,0,0
koe1 2019 8 4,pegu,0,0
koe1 2019 8 4,pipe,0,0
koe1 2019 8 4,pypo,0,0
koe1 2019 8 4,qbro,0,0
koe1 2019 8 4,rbsc,0,0
koe1 2019 8 4,reil,0,0
koe1 2019 8 4,repe,0,0
koe1 2019 8 4,rogr,0,0
koe1 2019 8 4,rosc,0,0
koe1 2019 8 4,roso,0,0
koe1 2019 8 4,sand,129,1
koe1 2019 8 4,sasc,0,0
koe1 2019 8 4,saso,20,1
koe1 2019 8 4,scsc,0,0
koe1 2019 8 4,shpe,0,0
koe1 2019 8 4,shsc,0,0
koe1 2019 8 4,sisc,0,0
koe1 2019 8 4,smsc,0,0
koe1 2019 8 4,snpr,0,0
koe1 2019 8 4,stfl,11,1
koe1 2019 8 4,stke,0,0
koe1 2019 8 4,stpe,0,0
koe1 2019 8 4,stsc,69,1
koe1 2019 8 4,susm,0,0
koe1 2019 8 4,thst,0,0
koe1 2019 8 4,tisc,0,0
koe1 2019 8 4,tomc,0,0
koe1 2019 8 4,tube,0,0
koe1 2019 8 4,tupo,0,0
koe1 2019 8 4,unar,0,0
koe1 2019 8 4,unco,0,0
koe1 2019 8 4,unfl,0,0
koe1 2019 8 4,unla,0,0
koe1 2019 8 4,unro,0,0
koe1 2019 8 4,unsc,0,0
koe1 2019 8 4,wall,0,0
koe1 2019 8 4,whgr,0,0
koe1 2019 8 4,yero,0,0
koe1 2020 7 23,bago,0,0
koe1 2020 7 23,bapi,7,1
koe1 2020 7 23,blgo,0,0
koe1 2020 7 23,blro,0,0
koe1 2020 7 23,boro,0,0
koe1 2020 7 23,busc,0,0
koe1 2020 7 23,byro,0,0
koe1 2020 7 23,cabe,0,0
koe1 2020 7 23,chin,0,0
koe1 2020 7 23,coho,5,1
koe1 2020 7 23,coro,0,0
koe1 2020 7 23,coso,0,0
koe1 2020 7 23,cqbr,0,0
koe1 2020 7 23,crgu,0,0
koe1 2020 7 23,dova,4,1
koe1 2020 7 23,enso,148,1
koe1 2020 7 23,grsc,0,0
koe1 2020 7 23,herr,0,0
koe1 2020 7 23,hico,0,0
koe1 2020 7 23,kecl,0,0
koe1 2020 7 23,kegr,0,0
koe1 2020 7 23,kepe,0,0
koe1 2020 7 23,ling,0,0
koe1 2020 7 23,losc,0,0
koe1 2020 7 23,masc,0,0
koe1 2020 7 23,nocl,0,0
koe1 2020 7 23,paco,0,0
koe1 2020 7 23,pagr,0,0
koe1 2020 7 23,pasa,69,1
koe1 2020 7 23,pasc,0,0
koe1 2020 7 23,pasf,0,0
koe1 2020 7 23,pegu,0,0
koe1 2020 7 23,pipe,0,0
koe1 2020 7 23,pypo,0,0
koe1 2020 7 23,qbro,0,0
koe1 2020 7 23,rbsc,0,0
koe1 2020 7 23,reil,0,0
koe1 2020 7 23,repe,0,0
koe1 2020 7 23,rogr,0,0
koe1 2020 7 23,rosc,0,0
koe1 2020 7 23,roso,0,0
koe1 2020 7 23,sand,643,1
koe1 2020 7 23,sasc,0,0
koe1 2020 7 23,saso,15,1
koe1 2020 7 23,scsc,0,0
koe1 2020 7 23,shpe,0,0
koe1 2020 7 23,shsc,0,0
koe1 2020 7 23,sisc,0,0
koe1 2020 7 23,smsc,0,0
koe1 2020 7 23,snpr,0,0
koe1 2020 7 23,stfl,20,1
koe1 2020 7 23,stke,0,0
koe1 2020 7 23,stpe,0,0
koe1 2020 7 23,stsc,27,1
koe1 2020 7 23,susm,0,0
koe1 2020 7 23,thst,3,1
koe1 2020 7 23,tisc,0,0
koe1 2020 7 23,tomc,0,0
koe1 2020 7 23,tube,0,0
koe1 2020 7 23,tupo,1,1
koe1 2020 7 23,unar,0,0
koe1 2020 7 23,unco,0,0
koe1 2020 7 23,unfl,0,0
koe1 2020 7 23,unla,0,0
koe1 2020 7 23,unro,0,0
koe1 2020 7 23,unsc,0,0
koe1 2020 7 23,wall,0,0
koe1 2020 7 23,whgr,0,0
koe1 2020 7 23,yero,0,0
koe3 2018 7 18,bago,0,0
koe3 2018 7 18,bapi,0,0
koe3 2018 7 18,blgo,0,0
koe3 2018 7 18,blro,2,1
koe3 2018 7 18,boro,0,0
koe3 2018 7 18,busc,0,0
koe3 2018 7 18,byro,8,1
koe3 2018 7 18,cabe,0,0
koe3 2018 7 18,chin,0,0
koe3 2018 7 18,coho,25,1
koe3 2018 7 18,coro,0,0
koe3 2018 7 18,coso,0,0
koe3 2018 7 18,cqbr,0,0
koe3 2018 7 18,crgu,0,0
koe3 2018 7 18,dova,11,1
koe3 2018 7 18,enso,2,1
koe3 2018 7 18,grsc,0,0
koe3 2018 7 18,herr,6,1
koe3 2018 7 18,hico,0,0
koe3 2018 7 18,kecl,0,0
koe3 2018 7 18,kegr,1,1
koe3 2018 7 18,kepe,0,0
koe3 2018 7 18,ling,0,0
koe3 2018 7 18,losc,0,0
koe3 2018 7 18,masc,0,0
koe3 2018 7 18,nocl,0,0
koe3 2018 7 18,paco,0,0
koe3 2018 7 18,pagr,0,0
koe3 2018 7 18,pasa,1,1
koe3 2018 7 18,pasc,0,0
koe3 2018 7 18,pasf,0,0
koe3 2018 7 18,pegu,0,0
koe3 2018 7 18,pipe,0,0
koe3 2018 7 18,pypo,0,0
koe3 2018 7 18,qbro,0,0
koe3 2018 7 18,rbsc,0,0
koe3 2018 7 18,reil,1,1
koe3 2018 7 18,repe,0,0
koe3 2018 7 18,rogr,0,0
koe3 2018 7 18,rosc,0,0
koe3 2018 7 18,roso,0,0
koe3 2018 7 18,sand,6601,1
koe3 2018 7 18,sasc,0,0
koe3 2018 7 18,saso,0,0
koe3 2018 7 18,scsc,0,0
koe3 2018 7 18,shpe,4,1
koe3 2018 7 18,shsc,0,0
koe3 2018 7 18,sisc,0,0
koe3 2018 7 18,smsc,0,0
koe3 2018 7 18,snpr,0,0
koe3 2018 7 18,stfl,2,1
koe3 2018 7 18,stke,0,0
koe3 2018 7 18,stpe,0,0
koe3 2018 7 18,stsc,0,0
koe3 2018 7 18,susm,0,0
koe3 2018 7 18,thst,0,0
koe3 2018 7 18,tisc,0,0
koe3 2018 7 18,tomc,0,0
koe3 2018 7 18,tube,0,0
koe3 2018 7 18,tupo,0,0
koe3 2018 7 18,unar,1,1
koe3 2018 7 18,unco,0,0
koe3 2018 7 18,unfl,0,0
koe3 2018 7 18,unla,0,0
koe3 2018 7 18,unro,0,0
koe3 2018 7 18,unsc,0,0
koe3 2018 7 18,wall,0,0
koe3 2018 7 18,whgr,0,0
koe3 2018 7 18,yero,0,0
koe3 2019 8 4,bago,0,0
koe3 2019 8 4,bapi,3,1
koe3 2019 8 4,blgo,0,0
koe3 2019 8 4,blro,0,0
koe3 2019 8 4,boro,0,0
koe3 2019 8 4,busc,1,1
koe3 2019 8 4,byro,2,1
koe3 2019 8 4,cabe,0,0
koe3 2019 8 4,chin,0,0
koe3 2019 8 4,coho,0,0
koe3 2019 8 4,coro,0,0
koe3 2019 8 4,coso,0,0
koe3 2019 8 4,cqbr,0,0
koe3 2019 8 4,crgu,0,0
koe3 2019 8 4,dova,0,0
koe3 2019 8 4,enso,1,1
koe3 2019 8 4,grsc,0,0
koe3 2019 8 4,herr,1,1
koe3 2019 8 4,hico,0,0
koe3 2019 8 4,kecl,0,0
koe3 2019 8 4,kegr,0,0
koe3 2019 8 4,kepe,0,0
koe3 2019 8 4,ling,0,0
koe3 2019 8 4,losc,0,0
koe3 2019 8 4,masc,0,0
koe3 2019 8 4,nocl,0,0
koe3 2019 8 4,paco,0,0
koe3 2019 8 4,pagr,0,0
koe3 2019 8 4,pasa,1,1
koe3 2019 8 4,pasc,0,0
koe3 2019 8 4,pasf,0,0
koe3 2019 8 4,pegu,1,1
koe3 2019 8 4,pipe,0,0
koe3 2019 8 4,pypo,0,0
koe3 2019 8 4,qbro,0,0
koe3 2019 8 4,rbsc,0,0
koe3 2019 8 4,reil,0,0
koe3 2019 8 4,repe,0,0
koe3 2019 8 4,rogr,0,0
koe3 2019 8 4,rosc,0,0
koe3 2019 8 4,roso,0,0
koe3 2019 8 4,sand,10040,1
koe3 2019 8 4,sasc,0,0
koe3 2019 8 4,saso,0,0
koe3 2019 8 4,scsc,1,1
koe3 2019 8 4,shpe,50,1
koe3 2019 8 4,shsc,0,0
koe3 2019 8 4,sisc,0,0
koe3 2019 8 4,smsc,0,0
koe3 2019 8 4,snpr,0,0
koe3 2019 8 4,stfl,2,1
koe3 2019 8 4,stke,0,0
koe3 2019 8 4,stpe,0,0
koe3 2019 8 4,stsc,4,1
koe3 2019 8 4,susm,0,0
koe3 2019 8 4,thst,0,0
koe3 2019 8 4,tisc,1,1
koe3 2019 8 4,tomc,0,0
koe3 2019 8 4,tube,1,1
koe3 2019 8 4,tupo,0,0
koe3 2019 8 4,unar,0,0
koe3 2019 8 4,unco,0,0
koe3 2019 8 4,unfl,0,0
koe3 2019 8 4,unla,0,0
koe3 2019 8 4,unro,0,0
koe3 2019 8 4,unsc,0,0
koe3 2019 8 4,wall,0,0
koe3 2019 8 4,whgr,0,0
koe3 2019 8 4,yero,0,0
koe3 2020 7 23,bago,0,0
koe3 2020 7 23,bapi,1,1
koe3 2020 7 23,blgo,0,0
koe3 2020 7 23,blro,0,0
koe3 2020 7 23,boro,0,0
koe3 2020 7 23,busc,0,0
koe3 2020 7 23,byro,0,0
koe3 2020 7 23,cabe,0,0
koe3 2020 7 23,chin,0,0
koe3 2020 7 23,coho,0,0
koe3 2020 7 23,coro,0,0
koe3 2020 7 23,coso,0,0
koe3 2020 7 23,cqbr,0,0
koe3 2020 7 23,crgu,0,0
koe3 2020 7 23,dova,0,0
koe3 2020 7 23,enso,0,0
koe3 2020 7 23,grsc,0,0
koe3 2020 7 23,herr,0,0
koe3 2020 7 23,hico,0,0
koe3 2020 7 23,kecl,0,0
koe3 2020 7 23,kegr,0,0
koe3 2020 7 23,kepe,0,0
koe3 2020 7 23,ling,0,0
koe3 2020 7 23,losc,0,0
koe3 2020 7 23,masc,0,0
koe3 2020 7 23,nocl,0,0
koe3 2020 7 23,paco,0,0
koe3 2020 7 23,pagr,0,0
koe3 2020 7 23,pasa,0,0
koe3 2020 7 23,pasc,0,0
koe3 2020 7 23,pasf,0,0
koe3 2020 7 23,pegu,1,1
koe3 2020 7 23,pipe,0,0
koe3 2020 7 23,pypo,0,0
koe3 2020 7 23,qbro,0,0
koe3 2020 7 23,rbsc,0,0
koe3 2020 7 23,reil,0,0
koe3 2020 7 23,repe,0,0
koe3 2020 7 23,rogr,0,0
koe3 2020 7 23,rosc,0,0
koe3 2020 7 23,roso,0,0
koe3 2020 7 23,sand,15,1
koe3 2020 7 23,sasc,0,0
koe3 2020 7 23,saso,0,0
koe3 2020 7 23,scsc,0,0
koe3 2020 7 23,shpe,367,1
koe3 2020 7 23,shsc,0,0
koe3 2020 7 23,sisc,9,1
koe3 2020 7 23,smsc,0,0
koe3 2020 7 23,snpr,0,0
koe3 2020 7 23,stfl,0,0
koe3 2020 7 23,stke,0,0
koe3 2020 7 23,stpe,0,0
koe3 2020 7 23,stsc,0,0
koe3 2020 7 23,susm,0,0
koe3 2020 7 23,thst,0,0
koe3 2020 7 23,tisc,0,0
koe3 2020 7 23,tomc,0,0
koe3 2020 7 23,tube,0,0
koe3 2020 7 23,tupo,0,0
koe3 2020 7 23,unar,0,0
koe3 2020 7 23,unco,0,0
koe3 2020 7 23,unfl,0,0
koe3 2020 7 23,unla,0,0
koe3 2020 7 23,unro,0,0
koe3 2020 7 23,unsc,0,0
koe3 2020 7 23,wall,0,0
koe3 2020 7 23,whgr,0,0
koe3 2020 7 23,yero,0,0
pba 2018 7 10,bago,0,0
pba 2018 7 10,bapi,2,1
pba 2018 7 10,blgo,1,1
pba 2018 7 10,blro,0,0
pba 2018 7 10,boro,0,0
pba 2018 7 10,busc,2,1
pba 2018 7 10,byro,0,0
pba 2018 7 10,cabe,2,1
pba 2018 7 10,chin,0,0
pba 2018 7 10,coho,0,0
pba 2018 7 10,coro,0,0
pba 2018 7 10,coso,0,0
pba 2018 7 10,cqbr,0,0
pba 2018 7 10,crgu,0,0
pba 2018 7 10,dova,0,0
pba 2018 7 10,enso,40,1
pba 2018 7 10,grsc,19,1
pba 2018 7 10,herr,0,0
pba 2018 7 10,hico,0,0
pba 2018 7 10,kecl,0,0
pba 2018 7 10,kegr,0,0
pba 2018 7 10,kepe,0,0
pba 2018 7 10,ling,2,1
pba 2018 7 10,losc,0,0
pba 2018 7 10,masc,0,0
pba 2018 7 10,nocl,0,0
pba 2018 7 10,paco,0,0
pba 2018 7 10,pagr,0,0
pba 2018 7 10,pasa,20,1
pba 2018 7 10,pasc,0,0
pba 2018 7 10,pasf,0,0
pba 2018 7 10,pegu,0,0
pba 2018 7 10,pipe,6,1
pba 2018 7 10,pypo,0,0
pba 2018 7 10,qbro,0,0
pba 2018 7 10,rbsc,0,0
pba 2018 7 10,reil,0,0
pba 2018 7 10,repe,0,0
pba 2018 7 10,rogr,0,0
pba 2018 7 10,rosc,0,0
pba 2018 7 10,roso,0,0
pba 2018 7 10,sand,0,0
pba 2018 7 10,sasc,0,0
pba 2018 7 10,saso,0,0
pba 2018 7 10,scsc,0,0
pba 2018 7 10,shpe,97,1
pba 2018 7 10,shsc,0,0
pba 2018 7 10,sisc,0,0
pba 2018 7 10,smsc,0,0
pba 2018 7 10,snpr,3,1
pba 2018 7 10,stfl,0,0
pba 2018 7 10,stke,0,0
pba 2018 7 10,stpe,1,1
pba 2018 7 10,stsc,3,1
pba 2018 7 10,susm,0,0
pba 2018 7 10,thst,137,1
pba 2018 7 10,tisc,15,1
pba 2018 7 10,tomc,0,0
pba 2018 7 10,tube,0,0
pba 2018 7 10,tupo,0,0
pba 2018 7 10,unar,4,1
pba 2018 7 10,unco,0,0
pba 2018 7 10,unfl,0,0
pba 2018 7 10,unla,0,0
pba 2018 7 10,unro,0,0
pba 2018 7 10,unsc,0,0
pba 2018 7 10,wall,0,0
pba 2018 7 10,whgr,1,1
pba 2018 7 10,yero,0,0
pba 2018 8 25,bago,0,0
pba 2018 8 25,bapi,13,1
pba 2018 8 25,blgo,0,0
pba 2018 8 25,blro,0,0
pba 2018 8 25,boro,0,0
pba 2018 8 25,busc,0,0
pba 2018 8 25,byro,0,0
pba 2018 8 25,cabe,0,0
pba 2018 8 25,chin,0,0
pba 2018 8 25,coho,0,0
pba 2018 8 25,coro,0,0
pba 2018 8 25,coso,0,0
pba 2018 8 25,cqbr,0,0
pba 2018 8 25,crgu,1,1
pba 2018 8 25,dova,0,0
pba 2018 8 25,enso,17,1
pba 2018 8 25,grsc,4,1
pba 2018 8 25,herr,0,0
pba 2018 8 25,hico,0,0
pba 2018 8 25,kecl,0,0
pba 2018 8 25,kegr,0,0
pba 2018 8 25,kepe,0,0
pba 2018 8 25,ling,0,0
pba 2018 8 25,losc,0,0
pba 2018 8 25,masc,0,0
pba 2018 8 25,nocl,0,0
pba 2018 8 25,paco,0,0
pba 2018 8 25,pagr,0,0
pba 2018 8 25,pasa,13,1
pba 2018 8 25,pasc,0,0
pba 2018 8 25,pasf,0,0
pba 2018 8 25,pegu,0,0
pba 2018 8 25,pipe,0,0
pba 2018 8 25,pypo,0,0
pba 2018 8 25,qbro,0,0
pba 2018 8 25,rbsc,0,0
pba 2018 8 25,reil,1,1
pba 2018 8 25,repe,0,0
pba 2018 8 25,rogr,0,0
pba 2018 8 25,rosc,0,0
pba 2018 8 25,roso,0,0
pba 2018 8 25,sand,0,0
pba 2018 8 25,sasc,0,0
pba 2018 8 25,saso,0,0
pba 2018 8 25,scsc,0,0
pba 2018 8 25,shpe,9,1
pba 2018 8 25,shsc,0,0
pba 2018 8 25,sisc,0,0
pba 2018 8 25,smsc,0,0
pba 2018 8 25,snpr,0,0
pba 2018 8 25,stfl,0,0
pba 2018 8 25,stke,0,0
pba 2018 8 25,stpe,1,1
pba 2018 8 25,stsc,11,1
pba 2018 8 25,susm,0,0
pba 2018 8 25,thst,618,1
pba 2018 8 25,tisc,17,1
pba 2018 8 25,tomc,0,0
pba 2018 8 25,tube,4,1
pba 2018 8 25,tupo,0,0
pba 2018 8 25,unar,5,1
pba 2018 8 25,unco,0,0
pba 2018 8 25,unfl,0,0
pba 2018 8 25,unla,1,0
pba 2018 8 25,unro,0,0
pba 2018 8 25,unsc,0,0
pba 2018 8 25,wall,0,0
pba 2018 8 25,whgr,0,0
pba 2018 8 25,yero,0,0
pba 2019 7 31,bago,0,0
pba 2019 7 31,bapi,88,1
pba 2019 7 31,blgo,0,0
pba 2019 7 31,blro,0,0
pba 2019 7 31,boro,0,0
pba 2019 7 31,busc,0,0
pba 2019 7 31,byro,5,1
pba 2019 7 31,cabe,1,1
pba 2019 7 31,chin,0,0
pba 2019 7 31,coho,0,0
pba 2019 7 31,coro,0,0
pba 2019 7 31,coso,0,0
pba 2019 7 31,cqbr,1,1
pba 2019 7 31,crgu,6,1
pba 2019 7 31,dova,0,0
pba 2019 7 31,enso,0,0
pba 2019 7 31,grsc,0,0
pba 2019 7 31,herr,0,0
pba 2019 7 31,hico,0,0
pba 2019 7 31,kecl,0,0
pba 2019 7 31,kegr,2,1
pba 2019 7 31,kepe,2,1
pba 2019 7 31,ling,0,0
pba 2019 7 31,losc,0,0
pba 2019 7 31,masc,0,0
pba 2019 7 31,nocl,0,0
pba 2019 7 31,paco,0,0
pba 2019 7 31,pagr,0,0
pba 2019 7 31,pasa,0,0
pba 2019 7 31,pasc,2,1
pba 2019 7 31,pasf,0,0
pba 2019 7 31,pegu,0,0
pba 2019 7 31,pipe,0,0
pba 2019 7 31,pypo,0,0
pba 2019 7 31,qbro,0,0
pba 2019 7 31,rbsc,0,0
pba 2019 7 31,reil,0,0
pba 2019 7 31,repe,0,0
pba 2019 7 31,rogr,0,0
pba 2019 7 31,rosc,0,0
pba 2019 7 31,roso,0,0
pba 2019 7 31,sand,0,0
pba 2019 7 31,sasc,0,0
pba 2019 7 31,saso,0,0
pba 2019 7 31,scsc,0,0
pba 2019 7 31,shpe,511,1
pba 2019 7 31,shsc,0,0
pba 2019 7 31,sisc,0,0
pba 2019 7 31,smsc,0,0
pba 2019 7 31,snpr,0,0
pba 2019 7 31,stfl,1,1
pba 2019 7 31,stke,0,0
pba 2019 7 31,stpe,10,1
pba 2019 7 31,stsc,12,1
pba 2019 7 31,susm,0,0
pba 2019 7 31,thst,4624,1
pba 2019 7 31,tisc,3,1
pba 2019 7 31,tomc,1,1
pba 2019 7 31,tube,6,1
pba 2019 7 31,tupo,0,0
pba 2019 7 31,unar,0,0
pba 2019 7 31,unco,0,0
pba 2019 7 31,unfl,0,0
pba 2019 7 31,unla,3,0
pba 2019 7 31,unro,0,0
pba 2019 7 31,unsc,0,0
pba 2019 7 31,wall,0,0
pba 2019 7 31,whgr,0,0
pba 2019 7 31,yero,0,0
pba 2020 7 21,bago,0,0
pba 2020 7 21,bapi,14,1
pba 2020 7 21,blgo,0,0
pba 2020 7 21,blro,0,0
pba 2020 7 21,boro,0,0
pba 2020 7 21,busc,0,0
pba 2020 7 21,byro,0,0
pba 2020 7 21,cabe,0,0
pba 2020 7 21,chin,0,0
pba 2020 7 21,coho,0,0
pba 2020 7 21,coro,0,0
pba 2020 7 21,coso,0,0
pba 2020 7 21,cqbr,0,0
pba 2020 7 21,crgu,2,1
pba 2020 7 21,dova,0,0
pba 2020 7 21,enso,1,1
pba 2020 7 21,grsc,0,0
pba 2020 7 21,herr,0,0
pba 2020 7 21,hico,0,0
pba 2020 7 21,kecl,0,0
pba 2020 7 21,kegr,0,0
pba 2020 7 21,kepe,3,1
pba 2020 7 21,ling,14,1
pba 2020 7 21,losc,0,0
pba 2020 7 21,masc,0,0
pba 2020 7 21,nocl,0,0
pba 2020 7 21,paco,0,0
pba 2020 7 21,pagr,0,0
pba 2020 7 21,pasa,7,1
pba 2020 7 21,pasc,3,1
pba 2020 7 21,pasf,0,0
pba 2020 7 21,pegu,0,0
pba 2020 7 21,pipe,0,0
pba 2020 7 21,pypo,0,0
pba 2020 7 21,qbro,0,0
pba 2020 7 21,rbsc,0,0
pba 2020 7 21,reil,0,0
pba 2020 7 21,repe,0,0
pba 2020 7 21,rogr,0,0
pba 2020 7 21,rosc,0,0
pba 2020 7 21,roso,0,0
pba 2020 7 21,sand,0,0
pba 2020 7 21,sasc,0,0
pba 2020 7 21,saso,0,0
pba 2020 7 21,scsc,0,0
pba 2020 7 21,shpe,356,1
pba 2020 7 21,shsc,0,0
pba 2020 7 21,sisc,0,0
pba 2020 7 21,smsc,1,1
pba 2020 7 21,snpr,0,0
pba 2020 7 21,stfl,1,1
pba 2020 7 21,stke,0,0
pba 2020 7 21,stpe,3,1
pba 2020 7 21,stsc,3,1
pba 2020 7 21,susm,0,0
pba 2020 7 21,thst,72,1
pba 2020 7 21,tisc,4,1
pba 2020 7 21,tomc,0,0
pba 2020 7 21,tube,0,0
pba 2020 7 21,tupo,0,0
pba 2020 7 21,unar,0,0
pba 2020 7 21,unco,0,0
pba 2020 7 21,unfl,0,0
pba 2020 7 21,unla,0,0
pba 2020 7 21,unro,0,0
pba 2020 7 21,unsc,0,0
pba 2020 7 21,wall,0,0
pba 2020 7 21,whgr,0,0
pba 2020 7 21,yero,0,0
ppo 2018 7 11,bago,0,0
ppo 2018 7 11,bapi,30,1
ppo 2018 7 11,blgo,3,1
ppo 2018 7 11,blro,0,0
ppo 2018 7 11,boro,0,0
ppo 2018 7 11,busc,2,1
ppo 2018 7 11,byro,0,0
ppo 2018 7 11,cabe,0,0
ppo 2018 7 11,chin,0,0
ppo 2018 7 11,coho,0,0
ppo 2018 7 11,coro,0,0
ppo 2018 7 11,coso,0,0
ppo 2018 7 11,cqbr,0,0
ppo 2018 7 11,crgu,0,0
ppo 2018 7 11,dova,0,0
ppo 2018 7 11,enso,16,1
ppo 2018 7 11,grsc,4,1
ppo 2018 7 11,herr,6,1
ppo 2018 7 11,hico,0,0
ppo 2018 7 11,kecl,0,0
ppo 2018 7 11,kegr,0,0
ppo 2018 7 11,kepe,0,0
ppo 2018 7 11,ling,124,1
ppo 2018 7 11,losc,0,0
ppo 2018 7 11,masc,0,0
ppo 2018 7 11,nocl,0,0
ppo 2018 7 11,paco,0,0
ppo 2018 7 11,pagr,0,0
ppo 2018 7 11,pasa,4,1
ppo 2018 7 11,pasc,0,0
ppo 2018 7 11,pasf,0,0
ppo 2018 7 11,pegu,1,1
ppo 2018 7 11,pipe,0,0
ppo 2018 7 11,pypo,1,1
ppo 2018 7 11,qbro,0,0
ppo 2018 7 11,rbsc,3,1
ppo 2018 7 11,reil,5,1
ppo 2018 7 11,repe,0,0
ppo 2018 7 11,rogr,0,0
ppo 2018 7 11,rosc,0,0
ppo 2018 7 11,roso,0,0
ppo 2018 7 11,sand,0,0
ppo 2018 7 11,sasc,0,0
ppo 2018 7 11,saso,0,0
ppo 2018 7 11,scsc,0,0
ppo 2018 7 11,shpe,55,1
ppo 2018 7 11,shsc,0,0
ppo 2018 7 11,sisc,72,1
ppo 2018 7 11,smsc,0,0
ppo 2018 7 11,snpr,0,0
ppo 2018 7 11,stfl,0,0
ppo 2018 7 11,stke,0,0
ppo 2018 7 11,stpe,0,0
ppo 2018 7 11,stsc,0,0
ppo 2018 7 11,susm,0,0
ppo 2018 7 11,thst,1,1
ppo 2018 7 11,tisc,44,1
ppo 2018 7 11,tomc,0,0
ppo 2018 7 11,tube,1,1
ppo 2018 7 11,tupo,0,0
ppo 2018 7 11,unar,11,1
ppo 2018 7 11,unco,0,0
ppo 2018 7 11,unfl,0,0
ppo 2018 7 11,unla,1,0
ppo 2018 7 11,unro,0,0
ppo 2018 7 11,unsc,0,0
ppo 2018 7 11,wall,0,0
ppo 2018 7 11,whgr,0,0
ppo 2018 7 11,yero,1,1
ppo 2018 8 23,bago,0,0
ppo 2018 8 23,bapi,9,1
ppo 2018 8 23,blgo,0,0
ppo 2018 8 23,blro,105,1
ppo 2018 8 23,boro,0,0
ppo 2018 8 23,busc,2,1
ppo 2018 8 23,byro,1,1
ppo 2018 8 23,cabe,0,0
ppo 2018 8 23,chin,0,0
ppo 2018 8 23,coho,0,0
ppo 2018 8 23,coro,0,0
ppo 2018 8 23,coso,0,0
ppo 2018 8 23,cqbr,0,0
ppo 2018 8 23,crgu,0,0
ppo 2018 8 23,dova,0,0
ppo 2018 8 23,enso,1,1
ppo 2018 8 23,grsc,1,1
ppo 2018 8 23,herr,0,0
ppo 2018 8 23,hico,0,0
ppo 2018 8 23,kecl,0,0
ppo 2018 8 23,kegr,0,0
ppo 2018 8 23,kepe,0,0
ppo 2018 8 23,ling,0,0
ppo 2018 8 23,losc,0,0
ppo 2018 8 23,masc,0,0
ppo 2018 8 23,nocl,0,0
ppo 2018 8 23,paco,0,0
ppo 2018 8 23,pagr,0,0
ppo 2018 8 23,pasa,1,1
ppo 2018 8 23,pasc,0,0
ppo 2018 8 23,pasf,0,0
ppo 2018 8 23,pegu,0,0
ppo 2018 8 23,pipe,2,1
ppo 2018 8 23,pypo,0,0
ppo 2018 8 23,qbro,0,0
ppo 2018 8 23,rbsc,2,1
ppo 2018 8 23,reil,0,0
ppo 2018 8 23,repe,0,0
ppo 2018 8 23,rogr,0,0
ppo 2018 8 23,rosc,0,0
ppo 2018 8 23,roso,0,0
ppo 2018 8 23,sand,6,1
ppo 2018 8 23,sasc,0,0
ppo 2018 8 23,saso,0,0
ppo 2018 8 23,scsc,0,0
ppo 2018 8 23,shpe,186,1
ppo 2018 8 23,shsc,0,0
ppo 2018 8 23,sisc,2,1
ppo 2018 8 23,smsc,0,0
ppo 2018 8 23,snpr,0,0
ppo 2018 8 23,stfl,0,0
ppo 2018 8 23,stke,0,0
ppo 2018 8 23,stpe,1,1
ppo 2018 8 23,stsc,0,0
ppo 2018 8 23,susm,0,0
ppo 2018 8 23,thst,0,0
ppo 2018 8 23,tisc,88,1
ppo 2018 8 23,tomc,0,0
ppo 2018 8 23,tube,1,1
ppo 2018 8 23,tupo,0,0
ppo 2018 8 23,unar,8,1
ppo 2018 8 23,unco,0,0
ppo 2018 8 23,unfl,0,0
ppo 2018 8 23,unla,0,0
ppo 2018 8 23,unro,0,0
ppo 2018 8 23,unsc,0,0
ppo 2018 8 23,wall,0,0
ppo 2018 8 23,whgr,0,0
ppo 2018 8 23,yero,0,0
ppo 2019 7 31,bago,0,0
ppo 2019 7 31,bapi,19,1
ppo 2019 7 31,blgo,1,1
ppo 2019 7 31,blro,0,0
ppo 2019 7 31,boro,0,0
ppo 2019 7 31,busc,3,1
ppo 2019 7 31,byro,6,1
ppo 2019 7 31,cabe,1,1
ppo 2019 7 31,chin,0,0
ppo 2019 7 31,coho,0,0
ppo 2019 7 31,coro,0,0
ppo 2019 7 31,coso,0,0
ppo 2019 7 31,cqbr,0,0
ppo 2019 7 31,crgu,8,1
ppo 2019 7 31,dova,0,0
ppo 2019 7 31,enso,0,0
ppo 2019 7 31,grsc,1,1
ppo 2019 7 31,herr,0,0
ppo 2019 7 31,hico,1,1
ppo 2019 7 31,kecl,0,0
ppo 2019 7 31,kegr,0,0
ppo 2019 7 31,kepe,4,1
ppo 2019 7 31,ling,1,1
ppo 2019 7 31,losc,0,0
ppo 2019 7 31,masc,0,0
ppo 2019 7 31,nocl,0,0
ppo 2019 7 31,paco,0,0
ppo 2019 7 31,pagr,0,0
ppo 2019 7 31,pasa,1,1
ppo 2019 7 31,pasc,3,1
ppo 2019 7 31,pasf,0,0
ppo 2019 7 31,pegu,1,1
ppo 2019 7 31,pipe,0,0
ppo 2019 7 31,pypo,0,0
ppo 2019 7 31,qbro,0,0
ppo 2019 7 31,rbsc,0,0
ppo 2019 7 31,reil,0,0
ppo 2019 7 31,repe,0,0
ppo 2019 7 31,rogr,0,0
ppo 2019 7 31,rosc,0,0
ppo 2019 7 31,roso,0,0
ppo 2019 7 31,sand,0,0
ppo 2019 7 31,sasc,0,0
ppo 2019 7 31,saso,0,0
ppo 2019 7 31,scsc,0,0
ppo 2019 7 31,shpe,283,1
ppo 2019 7 31,shsc,0,0
ppo 2019 7 31,sisc,0,0
ppo 2019 7 31,smsc,4,1
ppo 2019 7 31,snpr,0,0
ppo 2019 7 31,stfl,0,0
ppo 2019 7 31,stke,0,0
ppo 2019 7 31,stpe,1,1
ppo 2019 7 31,stsc,2,1
ppo 2019 7 31,susm,0,0
ppo 2019 7 31,thst,3,1
ppo 2019 7 31,tisc,281,1
ppo 2019 7 31,tomc,0,0
ppo 2019 7 31,tube,0,0
ppo 2019 7 31,tupo,0,0
ppo 2019 7 31,unar,1,1
ppo 2019 7 31,unco,0,0
ppo 2019 7 31,unfl,0,0
ppo 2019 7 31,unla,3,0
ppo 2019 7 31,unro,0,0
ppo 2019 7 31,unsc,0,0
ppo 2019 7 31,wall,0,0
ppo 2019 7 31,whgr,0,0
ppo 2019 7 31,yero,0,0
ppo 2020 7 21,bago,0,0
ppo 2020 7 21,bapi,45,1
ppo 2020 7 21,blgo,1,1
ppo 2020 7 21,blro,0,0
ppo 2020 7 21,boro,0,0
ppo 2020 7 21,busc,0,0
ppo 2020 7 21,byro,0,0
ppo 2020 7 21,cabe,0,0
ppo 2020 7 21,chin,0,0
ppo 2020 7 21,coho,0,0
ppo 2020 7 21,coro,0,0
ppo 2020 7 21,coso,0,0
ppo 2020 7 21,cqbr,0,0
ppo 2020 7 21,crgu,1,1
ppo 2020 7 21,dova,0,0
ppo 2020 7 21,enso,5,1
ppo 2020 7 21,grsc,0,0
ppo 2020 7 21,herr,0,0
ppo 2020 7 21,hico,0,0
ppo 2020 7 21,kecl,0,0
ppo 2020 7 21,kegr,0,0
ppo 2020 7 21,kepe,0,0
ppo 2020 7 21,ling,6,1
ppo 2020 7 21,losc,0,0
ppo 2020 7 21,masc,0,0
ppo 2020 7 21,nocl,0,0
ppo 2020 7 21,paco,0,0
ppo 2020 7 21,pagr,0,0
ppo 2020 7 21,pasa,0,0
ppo 2020 7 21,pasc,7,1
ppo 2020 7 21,pasf,0,0
ppo 2020 7 21,pegu,0,0
ppo 2020 7 21,pipe,0,0
ppo 2020 7 21,pypo,0,0
ppo 2020 7 21,qbro,0,0
ppo 2020 7 21,rbsc,1,1
ppo 2020 7 21,reil,0,0
ppo 2020 7 21,repe,0,0
ppo 2020 7 21,rogr,0,0
ppo 2020 7 21,rosc,0,0
ppo 2020 7 21,roso,0,0
ppo 2020 7 21,sand,0,0
ppo 2020 7 21,sasc,0,0
ppo 2020 7 21,saso,0,0
ppo 2020 7 21,scsc,0,0
ppo 2020 7 21,shpe,624,1
ppo 2020 7 21,shsc,0,0
ppo 2020 7 21,sisc,0,0
ppo 2020 7 21,smsc,5,1
ppo 2020 7 21,snpr,0,0
ppo 2020 7 21,stfl,0,0
ppo 2020 7 21,stke,0,0
ppo 2020 7 21,stpe,0,0
ppo 2020 7 21,stsc,3,1
ppo 2020 7 21,susm,0,0
ppo 2020 7 21,thst,170,1
ppo 2020 7 21,tisc,47,1
ppo 2020 7 21,tomc,0,0
ppo 2020 7 21,tube,1,1
ppo 2020 7 21,tupo,0,0
ppo 2020 7 21,unar,1,1
ppo 2020 7 21,unco,0,0
ppo 2020 7 21,unfl,0,0
ppo 2020 7 21,unla,0,0
ppo 2020 7 21,unro,0,0
ppo 2020 7 21,unsc,0,0
ppo 2020 7 21,wall,0,0
ppo 2020 7 21,whgr,0,0
ppo 2020 7 21,yero,0,0
sni1 2018 7 16,bago,0,0
sni1 2018 7 16,bapi,27,1
sni1 2018 7 16,blgo,0,0
sni1 2018 7 16,blro,0,0
sni1 2018 7 16,boro,0,0
sni1 2018 7 16,busc,0,0
sni1 2018 7 16,byro,0,0
sni1 2018 7 16,cabe,0,0
sni1 2018 7 16,chin,4,1
sni1 2018 7 16,coho,0,0
sni1 2018 7 16,coro,0,0
sni1 2018 7 16,coso,0,0
sni1 2018 7 16,cqbr,0,0
sni1 2018 7 16,crgu,37,1
sni1 2018 7 16,dova,0,0
sni1 2018 7 16,enso,0,0
sni1 2018 7 16,grsc,15,1
sni1 2018 7 16,herr,117,1
sni1 2018 7 16,hico,1,1
sni1 2018 7 16,kecl,0,0
sni1 2018 7 16,kegr,0,0
sni1 2018 7 16,kepe,0,0
sni1 2018 7 16,ling,3,1
sni1 2018 7 16,losc,0,0
sni1 2018 7 16,masc,0,0
sni1 2018 7 16,nocl,0,0
sni1 2018 7 16,paco,0,0
sni1 2018 7 16,pagr,0,0
sni1 2018 7 16,pasa,10,1
sni1 2018 7 16,pasc,0,0
sni1 2018 7 16,pasf,0,0
sni1 2018 7 16,pegu,0,0
sni1 2018 7 16,pipe,0,0
sni1 2018 7 16,pypo,0,0
sni1 2018 7 16,qbro,0,0
sni1 2018 7 16,rbsc,0,0
sni1 2018 7 16,reil,0,0
sni1 2018 7 16,repe,0,0
sni1 2018 7 16,rogr,0,0
sni1 2018 7 16,rosc,0,0
sni1 2018 7 16,roso,0,0
sni1 2018 7 16,sand,0,0
sni1 2018 7 16,sasc,0,0
sni1 2018 7 16,saso,0,0
sni1 2018 7 16,scsc,0,0
sni1 2018 7 16,shpe,0,0
sni1 2018 7 16,shsc,0,0
sni1 2018 7 16,sisc,0,0
sni1 2018 7 16,smsc,0,0
sni1 2018 7 16,snpr,17,1
sni1 2018 7 16,stfl,0,0
sni1 2018 7 16,stke,0,0
sni1 2018 7 16,stpe,0,0
sni1 2018 7 16,stsc,0,0
sni1 2018 7 16,susm,0,0
sni1 2018 7 16,thst,0,0
sni1 2018 7 16,tisc,88,1
sni1 2018 7 16,tomc,0,0
sni1 2018 7 16,tube,10,1
sni1 2018 7 16,tupo,0,0
sni1 2018 7 16,unar,13,1
sni1 2018 7 16,unco,0,0
sni1 2018 7 16,unfl,0,0
sni1 2018 7 16,unla,0,0
sni1 2018 7 16,unro,0,0
sni1 2018 7 16,unsc,0,0
sni1 2018 7 16,wall,0,0
sni1 2018 7 16,whgr,0,0
sni1 2018 7 16,yero,0,0
sni2 2018 7 16,bago,0,0
sni2 2018 7 16,bapi,0,0
sni2 2018 7 16,blgo,4,1
sni2 2018 7 16,blro,0,0
sni2 2018 7 16,boro,0,0
sni2 2018 7 16,busc,1,1
sni2 2018 7 16,byro,0,0
sni2 2018 7 16,cabe,1,1
sni2 2018 7 16,chin,0,0
sni2 2018 7 16,coho,0,0
sni2 2018 7 16,coro,0,0
sni2 2018 7 16,coso,0,0
sni2 2018 7 16,cqbr,2,1
sni2 2018 7 16,crgu,9,1
sni2 2018 7 16,dova,0,0
sni2 2018 7 16,enso,25,1
sni2 2018 7 16,grsc,14,1
sni2 2018 7 16,herr,183,1
sni2 2018 7 16,hico,0,0
sni2 2018 7 16,kecl,0,0
sni2 2018 7 16,kegr,4,1
sni2 2018 7 16,kepe,0,0
sni2 2018 7 16,ling,0,0
sni2 2018 7 16,losc,0,0
sni2 2018 7 16,masc,0,0
sni2 2018 7 16,nocl,1,1
sni2 2018 7 16,paco,0,0
sni2 2018 7 16,pagr,0,0
sni2 2018 7 16,pasa,7,1
sni2 2018 7 16,pasc,0,0
sni2 2018 7 16,pasf,0,0
sni2 2018 7 16,pegu,0,0
sni2 2018 7 16,pipe,0,0
sni2 2018 7 16,pypo,0,0
sni2 2018 7 16,qbro,0,0
sni2 2018 7 16,rbsc,0,0
sni2 2018 7 16,reil,0,0
sni2 2018 7 16,repe,0,0
sni2 2018 7 16,rogr,0,0
sni2 2018 7 16,rosc,0,0
sni2 2018 7 16,roso,0,0
sni2 2018 7 16,sand,7,1
sni2 2018 7 16,sasc,0,0
sni2 2018 7 16,saso,0,0
sni2 2018 7 16,scsc,0,0
sni2 2018 7 16,shpe,0,0
sni2 2018 7 16,shsc,0,0
sni2 2018 7 16,sisc,0,0
sni2 2018 7 16,smsc,0,0
sni2 2018 7 16,snpr,0,0
sni2 2018 7 16,stfl,0,0
sni2 2018 7 16,stke,0,0
sni2 2018 7 16,stpe,0,0
sni2 2018 7 16,stsc,0,0
sni2 2018 7 16,susm,0,0
sni2 2018 7 16,thst,0,0
sni2 2018 7 16,tisc,4,1
sni2 2018 7 16,tomc,0,0
sni2 2018 7 16,tube,0,0
sni2 2018 7 16,tupo,0,0
sni2 2018 7 16,unar,6,1
sni2 2018 7 16,unco,0,0
sni2 2018 7 16,unfl,0,0
sni2 2018 7 16,unla,0,0
sni2 2018 7 16,unro,0,0
sni2 2018 7 16,unsc,0,0
sni2 2018 7 16,wall,0,0
sni2 2018 7 16,whgr,0,0
sni2 2018 7 16,yero,0,0
ssp 2018 7 12,bago,0,0
ssp 2018 7 12,bapi,2,1
ssp 2018 7 12,blgo,0,0
ssp 2018 7 12,blro,0,0
ssp 2018 7 12,boro,0,0
ssp 2018 7 12,busc,0,0
ssp 2018 7 12,byro,1,1
ssp 2018 7 12,cabe,0,0
ssp 2018 7 12,chin,0,0
ssp 2018 7 12,coho,0,0
ssp 2018 7 12,coro,9,1
ssp 2018 7 12,coso,1,1
ssp 2018 7 12,cqbr,445,1
ssp 2018 7 12,crgu,1,1
ssp 2018 7 12,dova,0,0
ssp 2018 7 12,enso,266,1
ssp 2018 7 12,grsc,0,0
ssp 2018 7 12,herr,1,1
ssp 2018 7 12,hico,0,0
ssp 2018 7 12,kecl,0,0
ssp 2018 7 12,kegr,12,1
ssp 2018 7 12,kepe,0,0
ssp 2018 7 12,ling,3,1
ssp 2018 7 12,losc,0,0
ssp 2018 7 12,masc,0,0
ssp 2018 7 12,nocl,0,0
ssp 2018 7 12,paco,0,0
ssp 2018 7 12,pagr,0,0
ssp 2018 7 12,pasa,207,1
ssp 2018 7 12,pasc,0,0
ssp 2018 7 12,pasf,0,0
ssp 2018 7 12,pegu,5,1
ssp 2018 7 12,pipe,0,0
ssp 2018 7 12,pypo,0,0
ssp 2018 7 12,qbro,0,0
ssp 2018 7 12,rbsc,0,0
ssp 2018 7 12,reil,1,1
ssp 2018 7 12,repe,0,0
ssp 2018 7 12,rogr,2,1
ssp 2018 7 12,rosc,0,0
ssp 2018 7 12,roso,0,0
ssp 2018 7 12,sand,1,1
ssp 2018 7 12,sasc,0,0
ssp 2018 7 12,saso,45,1
ssp 2018 7 12,scsc,0,0
ssp 2018 7 12,shpe,12,1
ssp 2018 7 12,shsc,0,0
ssp 2018 7 12,sisc,12,1
ssp 2018 7 12,smsc,0,0
ssp 2018 7 12,snpr,0,0
ssp 2018 7 12,stfl,1,1
ssp 2018 7 12,stke,0,0
ssp 2018 7 12,stpe,0,0
ssp 2018 7 12,stsc,0,0
ssp 2018 7 12,susm,0,0
ssp 2018 7 12,thst,0,0
ssp 2018 7 12,tisc,0,0
ssp 2018 7 12,tomc,0,0
ssp 2018 7 12,tube,5,1
ssp 2018 7 12,tupo,0,0
ssp 2018 7 12,unar,0,0
ssp 2018 7 12,unco,0,0
ssp 2018 7 12,unfl,0,0
ssp 2018 7 12,unla,0,0
ssp 2018 7 12,unro,0,0
ssp 2018 7 12,unsc,0,0
ssp 2018 7 12,wall,0,0
ssp 2018 7 12,whgr,0,0
ssp 2018 7 12,yero,0,0
ssp 2018 8 24,bago,0,0
ssp 2018 8 24,bapi,0,0
ssp 2018 8 24,blgo,0,0
ssp 2018 8 24,blro,0,0
ssp 2018 8 24,boro,0,0
ssp 2018 8 24,busc,0,0
ssp 2018 8 24,byro,0,0
ssp 2018 8 24,cabe,0,0
ssp 2018 8 24,chin,0,0
ssp 2018 8 24,coho,0,0
ssp 2018 8 24,coro,0,0
ssp 2018 8 24,coso,0,0
ssp 2018 8 24,cqbr,3,1
ssp 2018 8 24,crgu,0,0
ssp 2018 8 24,dova,0,0
ssp 2018 8 24,enso,97,1
ssp 2018 8 24,grsc,0,0
ssp 2018 8 24,herr,9,1
ssp 2018 8 24,hico,0,0
ssp 2018 8 24,kecl,0,0
ssp 2018 8 24,kegr,0,0
ssp 2018 8 24,kepe,0,0
ssp 2018 8 24,ling,0,0
ssp 2018 8 24,losc,0,0
ssp 2018 8 24,masc,0,0
ssp 2018 8 24,nocl,0,0
ssp 2018 8 24,paco,0,0
ssp 2018 8 24,pagr,0,0
ssp 2018 8 24,pasa,41,1
ssp 2018 8 24,pasc,0,0
ssp 2018 8 24,pasf,0,0
ssp 2018 8 24,pegu,0,0
ssp 2018 8 24,pipe,0,0
ssp 2018 8 24,pypo,0,0
ssp 2018 8 24,qbro,0,0
ssp 2018 8 24,rbsc,0,0
ssp 2018 8 24,reil,0,0
ssp 2018 8 24,repe,0,0
ssp 2018 8 24,rogr,0,0
ssp 2018 8 24,rosc,0,0
ssp 2018 8 24,roso,0,0
ssp 2018 8 24,sand,72,1
ssp 2018 8 24,sasc,1,1
ssp 2018 8 24,saso,37,1
ssp 2018 8 24,scsc,0,0
ssp 2018 8 24,shpe,0,0
ssp 2018 8 24,shsc,0,0
ssp 2018 8 24,sisc,0,0
ssp 2018 8 24,smsc,0,0
ssp 2018 8 24,snpr,0,0
ssp 2018 8 24,stfl,0,0
ssp 2018 8 24,stke,0,0
ssp 2018 8 24,stpe,2,1
ssp 2018 8 24,stsc,2,1
ssp 2018 8 24,susm,0,0
ssp 2018 8 24,thst,1,1
ssp 2018 8 24,tisc,0,0
ssp 2018 8 24,tomc,0,0
ssp 2018 8 24,tube,0,0
ssp 2018 8 24,tupo,0,0
ssp 2018 8 24,unar,0,0
ssp 2018 8 24,unco,0,0
ssp 2018 8 24,unfl,0,0
ssp 2018 8 24,unla,0,0
ssp 2018 8 24,unro,0,0
ssp 2018 8 24,unsc,0,0
ssp 2018 8 24,wall,0,0
ssp 2018 8 24,whgr,2,1
ssp 2018 8 24,yero,0,0
ssp 2019 7 30,bago,0,0
ssp 2019 7 30,bapi,0,0
ssp 2019 7 30,blgo,0,0
ssp 2019 7 30,blro,0,0
ssp 2019 7 30,boro,0,0
ssp 2019 7 30,busc,0,0
ssp 2019 7 30,byro,12,1
ssp 2019 7 30,cabe,4,1
ssp 2019 7 30,chin,0,0
ssp 2019 7 30,coho,0,0
ssp 2019 7 30,coro,0,0
ssp 2019 7 30,coso,1,1
ssp 2019 7 30,cqbr,4,1
ssp 2019 7 30,crgu,0,0
ssp 2019 7 30,dova,0,0
ssp 2019 7 30,enso,146,1
ssp 2019 7 30,grsc,0,0
ssp 2019 7 30,herr,0,0
ssp 2019 7 30,hico,0,0
ssp 2019 7 30,kecl,0,0
ssp 2019 7 30,kegr,0,0
ssp 2019 7 30,kepe,0,0
ssp 2019 7 30,ling,0,0
ssp 2019 7 30,losc,0,0
ssp 2019 7 30,masc,0,0
ssp 2019 7 30,nocl,0,0
ssp 2019 7 30,paco,0,0
ssp 2019 7 30,pagr,0,0
ssp 2019 7 30,pasa,149,1
ssp 2019 7 30,pasc,0,0
ssp 2019 7 30,pasf,0,0
ssp 2019 7 30,pegu,2,1
ssp 2019 7 30,pipe,0,0
ssp 2019 7 30,pypo,0,0
ssp 2019 7 30,qbro,0,0
ssp 2019 7 30,rbsc,0,0
ssp 2019 7 30,reil,0,0
ssp 2019 7 30,repe,0,0
ssp 2019 7 30,rogr,0,0
ssp 2019 7 30,rosc,0,0
ssp 2019 7 30,roso,0,0
ssp 2019 7 30,sand,42,1
ssp 2019 7 30,sasc,0,0
ssp 2019 7 30,saso,19,1
ssp 2019 7 30,scsc,0,0
ssp 2019 7 30,shpe,85,1
ssp 2019 7 30,shsc,0,0
ssp 2019 7 30,sisc,0,0
ssp 2019 7 30,smsc,0,0
ssp 2019 7 30,snpr,0,0
ssp 2019 7 30,stfl,4,1
ssp 2019 7 30,stke,0,0
ssp 2019 7 30,stpe,0,0
ssp 2019 7 30,stsc,5,1
ssp 2019 7 30,susm,0,0
ssp 2019 7 30,thst,0,0
ssp 2019 7 30,tisc,0,0
ssp 2019 7 30,tomc,0,0
ssp 2019 7 30,tube,0,0
ssp 2019 7 30,tupo,0,0
ssp 2019 7 30,unar,0,0
ssp 2019 7 30,unco,0,0
ssp 2019 7 30,unfl,0,0
ssp 2019 7 30,unla,1,0
ssp 2019 7 30,unro,0,0
ssp 2019 7 30,unsc,0,0
ssp 2019 7 30,wall,0,0
ssp 2019 7 30,whgr,3,1
ssp 2019 7 30,yero,0,0
ssp 2020 7 20,bago,0,0
ssp 2020 7 20,bapi,0,0
ssp 2020 7 20,blgo,0,0
ssp 2020 7 20,blro,0,0
ssp 2020 7 20,boro,0,0
ssp 2020 7 20,busc,0,0
ssp 2020 7 20,byro,1,1
ssp 2020 7 20,cabe,3,1
ssp 2020 7 20,chin,0,0
ssp 2020 7 20,coho,0,0
ssp 2020 7 20,coro,7,1
ssp 2020 7 20,coso,2,1
ssp 2020 7 20,cqbr,3,1
ssp 2020 7 20,crgu,0,0
ssp 2020 7 20,dova,0,0
ssp 2020 7 20,enso,574,1
ssp 2020 7 20,grsc,0,0
ssp 2020 7 20,herr,0,0
ssp 2020 7 20,hico,0,0
ssp 2020 7 20,kecl,0,0
ssp 2020 7 20,kegr,32,1
ssp 2020 7 20,kepe,0,0
ssp 2020 7 20,ling,7,1
ssp 2020 7 20,losc,0,0
ssp 2020 7 20,masc,0,0
ssp 2020 7 20,nocl,0,0
ssp 2020 7 20,paco,0,0
ssp 2020 7 20,pagr,1,1
ssp 2020 7 20,pasa,29,1
ssp 2020 7 20,pasc,0,0
ssp 2020 7 20,pasf,0,0
ssp 2020 7 20,pegu,6,1
ssp 2020 7 20,pipe,0,0
ssp 2020 7 20,pypo,0,0
ssp 2020 7 20,qbro,0,0
ssp 2020 7 20,rbsc,0,0
ssp 2020 7 20,reil,0,0
ssp 2020 7 20,repe,0,0
ssp 2020 7 20,rogr,8,1
ssp 2020 7 20,rosc,0,0
ssp 2020 7 20,roso,0,0
ssp 2020 7 20,sand,0,0
ssp 2020 7 20,sasc,0,0
ssp 2020 7 20,saso,20,1
ssp 2020 7 20,scsc,0,0
ssp 2020 7 20,shpe,9,1
ssp 2020 7 20,shsc,0,0
ssp 2020 7 20,sisc,2,1
ssp 2020 7 20,smsc,0,0
ssp 2020 7 20,snpr,0,0
ssp 2020 7 20,stfl,0,0
ssp 2020 7 20,stke,0,0
ssp 2020 7 20,stpe,1,1
ssp 2020 7 20,stsc,2,1
ssp 2020 7 20,susm,0,0
ssp 2020 7 20,thst,2,1
ssp 2020 7 20,tisc,0,0
ssp 2020 7 20,tomc,0,0
ssp 2020 7 20,tube,0,0
ssp 2020 7 20,tupo,0,0
ssp 2020 7 20,unar,0,0
ssp 2020 7 20,unco,0,0
ssp 2020 7 20,unfl,0,0
ssp 2020 7 20,unla,0,0
ssp 2020 7 20,unro,2,1
ssp 2020 7 20,unsc,0,0
ssp 2020 7 20,wall,0,0
ssp 2020 7 20,whgr,2,1
ssp 2020 7 20,yero,0,0
wfb 2018 7 12,bago,0,0
wfb 2018 7 12,bapi,0,0
wfb 2018 7 12,blgo,0,0
wfb 2018 7 12,blro,0,0
wfb 2018 7 12,boro,0,0
wfb 2018 7 12,busc,0,0
wfb 2018 7 12,byro,0,0
wfb 2018 7 12,cabe,0,0
wfb 2018 7 12,chin,0,0
wfb 2018 7 12,coho,0,0
wfb 2018 7 12,coro,0,0
wfb 2018 7 12,coso,0,0
wfb 2018 7 12,cqbr,0,0
wfb 2018 7 12,crgu,0,0
wfb 2018 7 12,dova,0,0
wfb 2018 7 12,enso,173,1
wfb 2018 7 12,grsc,0,0
wfb 2018 7 12,herr,64,1
wfb 2018 7 12,hico,0,0
wfb 2018 7 12,kecl,0,0
wfb 2018 7 12,kegr,0,0
wfb 2018 7 12,kepe,0,0
wfb 2018 7 12,ling,0,0
wfb 2018 7 12,losc,0,0
wfb 2018 7 12,masc,0,0
wfb 2018 7 12,nocl,0,0
wfb 2018 7 12,paco,0,0
wfb 2018 7 12,pagr,0,0
wfb 2018 7 12,pasa,117,1
wfb 2018 7 12,pasc,0,0
wfb 2018 7 12,pasf,0,0
wfb 2018 7 12,pegu,1,1
wfb 2018 7 12,pipe,0,0
wfb 2018 7 12,pypo,0,0
wfb 2018 7 12,qbro,0,0
wfb 2018 7 12,rbsc,0,0
wfb 2018 7 12,reil,0,0
wfb 2018 7 12,repe,0,0
wfb 2018 7 12,rogr,0,0
wfb 2018 7 12,rosc,0,0
wfb 2018 7 12,roso,0,0
wfb 2018 7 12,sand,967,1
wfb 2018 7 12,sasc,0,0
wfb 2018 7 12,saso,96,1
wfb 2018 7 12,scsc,0,0
wfb 2018 7 12,shpe,0,0
wfb 2018 7 12,shsc,0,0
wfb 2018 7 12,sisc,0,0
wfb 2018 7 12,smsc,0,0
wfb 2018 7 12,snpr,0,0
wfb 2018 7 12,stfl,0,0
wfb 2018 7 12,stke,0,0
wfb 2018 7 12,stpe,0,0
wfb 2018 7 12,stsc,24,1
wfb 2018 7 12,susm,49,1
wfb 2018 7 12,thst,0,0
wfb 2018 7 12,tisc,0,0
wfb 2018 7 12,tomc,0,0
wfb 2018 7 12,tube,0,0
wfb 2018 7 12,tupo,0,0
wfb 2018 7 12,unar,0,0
wfb 2018 7 12,unco,0,0
wfb 2018 7 12,unfl,0,0
wfb 2018 7 12,unla,24,0
wfb 2018 7 12,unro,0,0
wfb 2018 7 12,unsc,0,0
wfb 2018 7 12,wall,0,0
wfb 2018 7 12,whgr,0,0
wfb 2018 7 12,yero,0,0
wfb 2018 8 24,bago,0,0
wfb 2018 8 24,bapi,0,0
wfb 2018 8 24,blgo,0,0
wfb 2018 8 24,blro,0,0
wfb 2018 8 24,boro,0,0
wfb 2018 8 24,busc,0,0
wfb 2018 8 24,byro,0,0
wfb 2018 8 24,cabe,0,0
wfb 2018 8 24,chin,0,0
wfb 2018 8 24,coho,0,0
wfb 2018 8 24,coro,0,0
wfb 2018 8 24,coso,0,0
wfb 2018 8 24,cqbr,0,0
wfb 2018 8 24,crgu,0,0
wfb 2018 8 24,dova,0,0
wfb 2018 8 24,enso,74,1
wfb 2018 8 24,grsc,0,0
wfb 2018 8 24,herr,0,0
wfb 2018 8 24,hico,0,0
wfb 2018 8 24,kecl,0,0
wfb 2018 8 24,kegr,0,0
wfb 2018 8 24,kepe,0,0
wfb 2018 8 24,ling,0,0
wfb 2018 8 24,losc,0,0
wfb 2018 8 24,masc,0,0
wfb 2018 8 24,nocl,0,0
wfb 2018 8 24,paco,0,0
wfb 2018 8 24,pagr,0,0
wfb 2018 8 24,pasa,47,1
wfb 2018 8 24,pasc,0,0
wfb 2018 8 24,pasf,0,0
wfb 2018 8 24,pegu,0,0
wfb 2018 8 24,pipe,0,0
wfb 2018 8 24,pypo,0,0
wfb 2018 8 24,qbro,0,0
wfb 2018 8 24,rbsc,0,0
wfb 2018 8 24,reil,0,0
wfb 2018 8 24,repe,0,0
wfb 2018 8 24,rogr,0,0
wfb 2018 8 24,rosc,0,0
wfb 2018 8 24,roso,0,0
wfb 2018 8 24,sand,3240,1
wfb 2018 8 24,sasc,0,0
wfb 2018 8 24,saso,35,1
wfb 2018 8 24,scsc,0,0
wfb 2018 8 24,shpe,0,0
wfb 2018 8 24,shsc,0,0
wfb 2018 8 24,sisc,0,0
wfb 2018 8 24,smsc,0,0
wfb 2018 8 24,snpr,0,0
wfb 2018 8 24,stfl,7,1
wfb 2018 8 24,stke,0,0
wfb 2018 8 24,stpe,0,0
wfb 2018 8 24,stsc,98,1
wfb 2018 8 24,susm,1,1
wfb 2018 8 24,thst,0,0
wfb 2018 8 24,tisc,0,0
wfb 2018 8 24,tomc,0,0
wfb 2018 8 24,tube,1,1
wfb 2018 8 24,tupo,0,0
wfb 2018 8 24,unar,0,0
wfb 2018 8 24,unco,0,0
wfb 2018 8 24,unfl,0,0
wfb 2018 8 24,unla,0,0
wfb 2018 8 24,unro,0,0
wfb 2018 8 24,unsc,0,0
wfb 2018 8 24,wall,0,0
wfb 2018 8 24,whgr,0,0
wfb 2018 8 24,yero,0,0
wfb 2019 7 30,bago,0,0
wfb 2019 7 30,bapi,0,0
wfb 2019 7 30,blgo,0,0
wfb 2019 7 30,blro,0,0
wfb 2019 7 30,boro,0,0
wfb 2019 7 30,busc,0,0
wfb 2019 7 30,byro,0,0
wfb 2019 7 30,cabe,0,0
wfb 2019 7 30,chin,0,0
wfb 2019 7 30,coho,0,0
wfb 2019 7 30,coro,0,0
wfb 2019 7 30,coso,0,0
wfb 2019 7 30,cqbr,0,0
wfb 2019 7 30,crgu,0,0
wfb 2019 7 30,dova,0,0
wfb 2019 7 30,enso,138,1
wfb 2019 7 30,grsc,0,0
wfb 2019 7 30,herr,4,1
wfb 2019 7 30,hico,0,0
wfb 2019 7 30,kecl,0,0
wfb 2019 7 30,kegr,0,0
wfb 2019 7 30,kepe,0,0
wfb 2019 7 30,ling,0,0
wfb 2019 7 30,losc,0,0
wfb 2019 7 30,masc,0,0
wfb 2019 7 30,nocl,0,0
wfb 2019 7 30,paco,0,0
wfb 2019 7 30,pagr,0,0
wfb 2019 7 30,pasa,177,1
wfb 2019 7 30,pasc,0,0
wfb 2019 7 30,pasf,1,1
wfb 2019 7 30,pegu,2,1
wfb 2019 7 30,pipe,0,0
wfb 2019 7 30,pypo,0,0
wfb 2019 7 30,qbro,0,0
wfb 2019 7 30,rbsc,0,0
wfb 2019 7 30,reil,0,0
wfb 2019 7 30,repe,0,0
wfb 2019 7 30,rogr,0,0
wfb 2019 7 30,rosc,0,0
wfb 2019 7 30,roso,0,0
wfb 2019 7 30,sand,1153,1
wfb 2019 7 30,sasc,0,0
wfb 2019 7 30,saso,87,1
wfb 2019 7 30,scsc,0,0
wfb 2019 7 30,shpe,0,0
wfb 2019 7 30,shsc,0,0
wfb 2019 7 30,sisc,0,0
wfb 2019 7 30,smsc,0,0
wfb 2019 7 30,snpr,0,0
wfb 2019 7 30,stfl,1,1
wfb 2019 7 30,stke,0,0
wfb 2019 7 30,stpe,0,0
wfb 2019 7 30,stsc,31,1
wfb 2019 7 30,susm,11,1
wfb 2019 7 30,thst,0,0
wfb 2019 7 30,tisc,0,0
wfb 2019 7 30,tomc,0,0
wfb 2019 7 30,tube,1,1
wfb 2019 7 30,tupo,0,0
wfb 2019 7 30,unar,0,0
wfb 2019 7 30,unco,0,0
wfb 2019 7 30,unfl,0,0
wfb 2019 7 30,unla,0,0
wfb 2019 7 30,unro,0,0
wfb 2019 7 30,unsc,0,0
wfb 2019 7 30,wall,0,0
wfb 2019 7 30,whgr,0,0
wfb 2019 7 30,yero,0,0
wfb 2020 7 20,bago,0,0
wfb 2020 7 20,bapi,0,0
wfb 2020 7 20,blgo,0,0
wfb 2020 7 20,blro,0,0
wfb 2020 7 20,boro,0,0
wfb 2020 7 20,busc,0,0
wfb 2020 7 20,byro,0,0
wfb 2020 7 20,cabe,0,0
wfb 2020 7 20,chin,0,0
wfb 2020 7 20,coho,1,1
wfb 2020 7 20,coro,0,0
wfb 2020 7 20,coso,0,0
wfb 2020 7 20,cqbr,0,0
wfb 2020 7 20,crgu,0,0
wfb 2020 7 20,dova,0,0
wfb 2020 7 20,enso,82,1
wfb 2020 7 20,grsc,0,0
wfb 2020 7 20,herr,0,0
wfb 2020 7 20,hico,0,0
wfb 2020 7 20,kecl,0,0
wfb 2020 7 20,kegr,0,0
wfb 2020 7 20,kepe,0,0
wfb 2020 7 20,ling,2,1
wfb 2020 7 20,losc,0,0
wfb 2020 7 20,masc,0,0
wfb 2020 7 20,nocl,0,0
wfb 2020 7 20,paco,0,0
wfb 2020 7 20,pagr,0,0
wfb 2020 7 20,pasa,28,1
wfb 2020 7 20,pasc,0,0
wfb 2020 7 20,pasf,0,0
wfb 2020 7 20,pegu,0,0
wfb 2020 7 20,pipe,0,0
wfb 2020 7 20,pypo,0,0
wfb 2020 7 20,qbro,0,0
wfb 2020 7 20,rbsc,0,0
wfb 2020 7 20,reil,0,0
wfb 2020 7 20,repe,0,0
wfb 2020 7 20,rogr,0,0
wfb 2020 7 20,rosc,0,0
wfb 2020 7 20,roso,0,0
wfb 2020 7 20,sand,178,1
wfb 2020 7 20,sasc,0,0
wfb 2020 7 20,saso,55,1
wfb 2020 7 20,scsc,0,0
wfb 2020 7 20,shpe,0,0
wfb 2020 7 20,shsc,0,0
wfb 2020 7 20,sisc,0,0
wfb 2020 7 20,smsc,0,0
wfb 2020 7 20,snpr,0,0
wfb 2020 7 20,stfl,0,0
wfb 2020 7 20,stke,0,0
wfb 2020 7 20,stpe,0,0
wfb 2020 7 20,stsc,74,1
wfb 2020 7 20,susm,2,1
wfb 2020 7 20,thst,10,1
wfb 2020 7 20,tisc,0,0
wfb 2020 7 20,tomc,0,0
wfb 2020 7 20,tube,0,0
wfb 2020 7 20,tupo,0,0
wfb 2020 7 20,unar,0,0
wfb 2020 7 20,unco,0,0
wfb 2020 7 20,unfl,0,0
wfb 2020 7 20,unla,0,0
wfb 2020 7 20,unro,0,0
wfb 2020 7 20,unsc,0,0
wfb 2020 7 20,wall,0,0
wfb 2020 7 20,whgr,0,0
wfb 2020 7 20,yero,0,0
